data_rate_Sa,f_avg,delta1,log10_nmse
1000,0.0000,3.6667,0.000316
1000,0.0000,4.3333,0.065695
1000,5.2083,1.3333,-1.745870
1000,2.0833,1.3333,-1.850726
1000,1.0417,0.3333,-2.399859
1000,4.1667,-1.3333,-2.329276
1000,1.0417,-0.3333,-2.003626
1000,4.1667,1.6667,-1.741817
1000,0.0000,-6.0000,0.003782
1000,3.1250,1.6667,-1.675581
1000,6.2500,2.3333,-1.747275
1000,1.0417,2.6667,-1.747298
1000,11.4583,-3.3333,-1.747340
1000,6.2500,3.0000,-1.747237
1000,8.3333,-2.6667,-1.796803
1000,9.3750,-3.6667,-1.747228
1000,4.1667,0.0000,-2.128857
1000,3.1250,3.6667,-1.747226
1000,8.3333,-3.3333,-1.741461
1000,10.4167,-3.6667,-1.747228
1000,13.5417,-3.3333,-1.747118
1000,8.3333,-4.3333,-1.747277
1000,7.2917,4.3333,-1.747318
1000,12.5000,4.6667,-1.747262
1000,8.3333,2.3333,-0.505807
1000,9.3750,-5.0000,-1.747223
1000,1.0417,5.0000,-1.747282
1000,3.1250,5.3333,-1.747291
1000,10.4167,5.3333,-1.747409
1000,21.8750,-5.3333,-1.747528
1000,2.0833,1.0000,-2.096393
1000,13.5417,-5.6667,-1.747406
1000,5.2083,-5.6667,-1.747478
1000,10.4167,-0.3333,-3.332768
1000,9.3750,-6.0000,-1.747274
1000,1.0417,-6.3333,-1.747353
1000,4.1667,-6.0000,-1.747144
1000,27.0833,-6.3333,-1.747320
1000,7.2917,6.3333,-1.747360
1000,8.3333,6.3333,-1.747550
1000,22.9167,-6.3333,-1.747359
1000,10.4167,-6.3333,-1.747641
1000,11.4583,-2.3333,-0.889781
1000,15.6250,-0.3333,-3.352752
1000,16.6667,-4.3333,-1.747275
1000,13.5417,-0.6667,-3.366914
1000,23.9583,-6.6667,-1.747285
1000,29.1667,-6.6667,-1.747231
1000,14.5833,-1.3333,-3.346571
1000,13.5417,7.0000,-1.747182
1000,15.6250,-0.6667,-3.348697
1000,11.4583,7.0000,-1.747292
1000,9.3750,-7.0000,-1.747455
1000,18.7500,-7.3333,-1.747243
1000,10.4167,3.0000,-1.225638
1000,16.6667,-0.6667,-3.359042
1000,6.2500,7.3333,-1.747099
1000,15.6250,-7.0000,-1.747418
1000,3.1250,7.3333,-1.747453
1000,5.2083,7.3333,-1.747354
1000,5.2083,-7.3333,-1.747354
1000,10.4167,7.0000,-1.747527
1000,14.5833,-1.6667,-3.354583
1000,3.1250,-7.6667,-1.747714
1000,18.7500,-1.3333,-3.357879
1000,14.5833,-3.0000,-3.365256
1000,6.2500,7.6667,-1.747181
1000,15.6250,-2.0000,-3.354284
1000,14.5833,7.6667,-1.747327
1000,21.8750,-7.6667,-1.747393
1000,25.0000,-7.6667,-1.747419
1000,25.0000,-8.0000,-1.747534
1000,19.7917,-1.3333,-3.347931
1000,17.7083,-8.0000,-1.747487
1000,17.7083,7.6667,-1.608892
1000,17.7083,-2.0000,-3.353294
1000,10.4167,-5.3333,-1.747409
1000,21.8750,-1.3333,-3.354190
1000,8.3333,7.0000,-1.747395
1000,12.5000,5.6667,-1.747443
1000,6.2500,3.6667,-1.747231
1000,27.0833,-0.6667,-3.357000
1000,5.2083,2.0000,-1.747307
1000,26.0417,-1.3333,-3.357015
1000,18.7500,-3.0000,-3.360732
1000,31.2500,-0.3333,-3.356211
1000,19.7917,8.0000,-1.863576
1000,17.7083,-6.3333,-1.747416
1000,19.7917,-3.6667,-3.342832
1000,6.2500,5.3333,-1.747550
1000,20.8333,7.3333,-1.388608
1000,18.7500,0.0000,-3.322356
1000,25.0000,-4.0000,-3.347898
1000,9.3750,-8.0000,-1.747351
1000,25.0000,-3.6667,-3.362039
1000,32.2917,-1.3333,-3.363797
1000,17.7083,-5.0000,-1.747224
1000,36.4583,-0.6667,-3.364458
1000,2.0833,4.6667,-1.747419
1000,41.6667,-0.3333,-3.353131
1000,8.3333,-3.0000,-1.820962
1000,33.3333,-2.3333,-3.343914
1000,31.2500,-2.6667,-3.363950
1000,26.0417,-5.6667,-3.356828
1000,14.5833,-7.0000,-1.747186
1000,36.4583,-1.6667,-3.355691
1000,27.0833,-5.0000,-3.353128
1000,21.8750,-3.3333,-3.367941
1000,32.2917,-3.0000,-3.368109
1000,16.6667,-4.6667,-1.747271
1000,34.3750,-2.6667,-3.356908
1000,38.5417,-2.6667,-3.346179
1000,37.5000,-2.6667,-3.365908
1000,29.1667,-5.6667,-3.354647
1000,27.0833,-2.6667,-3.350787
1000,36.4583,-3.3333,-3.367408
1000,34.3750,-3.6667,-3.359302
1000,8.3333,-7.0000,-1.747395
1000,34.3750,-5.3333,-3.348028
1000,30.2083,-6.3333,-3.356935
1000,31.2500,-5.6667,-3.347584
1000,5.2083,4.3333,-1.747295
1000,27.0833,0.0000,-2.895878
1000,19.7917,-5.3333,-1.747549
1000,17.7083,-1.3333,-3.348072
1000,48.9583,-2.3333,-3.355508
1000,36.4583,-4.6667,-3.356153
1000,5.2083,3.3333,-1.747271
1000,36.4583,-5.3333,-3.355361
1000,37.5000,-5.3333,-3.350229
1000,30.2083,-3.3333,-3.362795
1000,38.5417,-4.0000,-3.347627
1000,50.0000,-1.0000,-3.351095
1000,11.4583,6.6667,-1.747412
1000,35.4167,-5.6667,-3.351944
1000,47.9167,-2.0000,-3.356986
1000,40.6250,-4.3333,-3.356574
1000,45.8333,-2.3333,-3.358952
1000,39.5833,-4.0000,-3.354890
1000,41.6667,-5.0000,-3.355654
1000,36.4583,-6.0000,-3.347611
1000,4.1667,7.3333,-1.747384
1000,27.0833,-1.3333,-3.344248
1000,23.9583,-7.0000,-1.747263
1000,12.5000,-1.6667,-3.355631
1000,13.5417,-3.6667,-1.747228
1000,3.1250,-3.6667,-1.595843
1000,42.7083,-6.3333,-3.347895
1000,19.7917,-6.3333,-1.747376
1000,0.0000,5.6667,0.019661
1000,36.4583,-7.3333,-3.363475
1000,33.3333,-2.0000,-3.355381
1000,41.6667,-7.3333,-3.349691
1000,44.7917,-6.6667,-3.355269
1000,19.7917,6.6667,-1.220237
1000,42.7083,-4.3333,-3.348834
1000,47.9167,-6.3333,-3.354249
1000,22.9167,-2.0000,-3.352133
1000,6.2500,-4.0000,-1.747181
1000,1.0417,-0.6667,-2.485254
1000,44.7917,-7.6667,-3.356699
1000,45.8333,-8.0000,-3.364498
1000,7.2917,5.6667,-1.747332
1000,43.7500,-7.3333,-3.355293
1000,0.0000,0.3333,0.001073
1000,2.0833,-0.3333,-2.325554
1000,22.9167,-2.3333,-3.350946
1000,5.2083,-4.3333,-1.747295
1000,12.5000,-4.0000,-1.747189
1000,18.7500,-4.6667,-1.747271
1000,26.0417,7.6667,-0.339070
1000,6.2500,-8.0000,-1.747501
1000,13.5417,-1.6667,-3.361804
1000,30.2083,8.0000,-1.031941
1000,18.7500,-2.3333,-3.344753
1000,33.3333,-1.0000,-3.352316
1000,50.0000,-6.0000,-3.358311
1000,1.0417,-4.3333,-1.615535
1000,33.3333,-1.3333,-3.356974
1000,6.2500,1.0000,-1.213059
1000,32.2917,-5.0000,-3.347541
1000,10.4167,-3.0000,-1.747233
1000,16.6667,5.0000,-1.395935
1000,23.9583,-5.3333,-3.358878
1000,19.7917,-4.0000,-3.361097
1000,32.2917,-0.3333,-3.370436
1000,21.8750,-4.0000,-3.347466
1000,15.6250,-6.6667,-1.747294
1000,40.6250,-5.6667,-3.359100
1000,0.0000,-0.3333,0.044538
1000,22.9167,-7.3333,-1.747244
1000,6.2500,-1.6667,-1.994479
1000,26.0417,-0.6667,-3.364104
1000,4.1667,-6.6667,-1.747365
1000,14.5833,4.3333,-1.667808
1000,43.7500,-1.0000,-3.349109
1000,30.2083,-2.6667,-3.347859
1000,47.9167,-7.3333,-3.359174
1000,3.1250,5.6667,-1.747314
1000,11.4583,-0.3333,-3.360599
1000,3.1250,0.3333,-1.960842
1000,7.2917,-6.0000,-1.747321
1000,21.8750,7.3333,-1.184146
1000,14.5833,6.3333,-1.747497
1000,44.7917,-0.6667,-3.358431
1000,15.6250,6.3333,-1.747417
1000,32.2917,-4.0000,-3.345724
1000,40.6250,-3.3333,-3.363153
1000,36.4583,-4.3333,-3.353846
1000,21.8750,6.6667,0.232704
1000,12.5000,-0.3333,-3.339013
1000,27.0833,-3.3333,-3.361250
1000,10.4167,-0.6667,-3.358090
1000,42.7083,-4.6667,-3.360770
1000,1.0417,2.0000,-1.365584
1000,6.2500,6.0000,-1.747200
1000,8.3333,6.6667,-1.747459
1000,40.6250,-7.6667,-3.367700
1000,44.7917,-7.3333,-3.354908
1000,6.2500,-4.6667,-1.747256
1000,45.8333,-5.0000,-3.367224
1000,9.3750,6.0000,-1.747274
1000,7.2917,0.6667,-0.683612
1000,8.3333,-2.3333,-1.747275
1000,48.9583,-3.6667,-3.355353
1000,50.0000,-2.6667,-3.342508
1000,32.2917,-1.6667,-3.351627
1000,17.7083,-7.0000,-1.747255
1000,13.5417,8.0000,-1.747344
1000,26.0417,-3.0000,-3.340807
1000,10.4167,4.0000,-1.747186
1000,18.7500,-3.3333,-3.364255
1000,9.3750,7.3333,-1.747495
1000,0.0000,2.0000,0.012432
1000,27.0833,-3.0000,-3.352688
1000,7.2917,-0.6667,-2.001841
1000,17.7083,3.6667,-1.028156
1000,43.7500,-2.6667,-3.355022
1000,2.0833,-7.6667,-1.747381
1000,1.0417,-3.3333,-1.297369
1000,27.0833,-7.3333,-1.747330
1000,12.5000,7.0000,-1.747296
1000,16.6667,5.3333,-1.304319
1000,10.4167,-7.3333,-1.747395
1000,19.7917,5.3333,-1.231815
1000,10.4167,0.3333,-0.654581
1000,0.0000,1.3333,-0.000188
1000,41.6667,-2.3333,-3.339007
1000,2.0833,-4.3333,-1.747322
1000,20.8333,0.0000,-3.289749
1000,12.5000,-1.3333,-3.340553
1000,10.4167,6.3333,-1.747641
1000,12.5000,-3.6667,-1.747228
1000,18.7500,-7.6667,-1.747321
1000,47.9167,-1.3333,-3.349649
1000,50.0000,-7.3333,-3.361391
1000,12.5000,-7.3333,-1.747278
1000,15.6250,0.3333,-0.647830
1000,48.9583,-3.3333,-3.368543
1000,8.3333,-5.6667,-1.747431
1000,4.1667,2.3333,-1.747275
1000,20.8333,6.0000,-1.275891
1000,7.2917,-4.0000,-1.747176
1000,7.2917,3.0000,-1.747237
1000,39.5833,-5.6667,-3.362708
1000,22.9167,8.0000,-1.677858
1000,14.5833,3.3333,-0.465664
1000,47.9167,-6.0000,-3.352718
1000,21.8750,0.0000,-2.346582
1000,45.8333,-5.6667,-3.354792
1000,12.5000,-5.0000,-1.747223
1000,13.5417,0.6667,-0.619136
1000,9.3750,0.0000,-3.153452
1000,27.0833,7.0000,-1.482651
1000,20.8333,4.6667,-1.619943
1000,1.0417,3.0000,-1.747251
1000,3.1250,3.0000,-1.747271
1000,27.0833,-1.6667,-3.352072
1000,15.6250,1.0000,-0.286884
1000,29.1667,7.3333,-1.572616
1000,12.5000,-4.3333,-1.747315
1000,15.6250,1.3333,-0.126067
1000,27.0833,-1.0000,-3.347477
1000,30.2083,-6.0000,-3.357052
1000,21.8750,6.0000,-1.460236
1000,37.5000,-3.3333,-3.365957
1000,9.3750,-2.0000,-1.208197
1000,41.6667,-7.6667,-3.354033
1000,37.5000,-7.3333,-3.366846
1000,2.0833,5.0000,-1.747424
1000,46.8750,-0.6667,-3.365115
1000,43.7500,-5.0000,-3.364886
1000,19.7917,4.0000,-1.350334
1000,42.7083,-4.0000,-3.342846
1000,27.0833,-5.3333,-3.351601
1000,38.5417,-7.6667,-3.356167
1000,48.9583,-4.0000,-3.338697
1000,50.0000,-2.0000,-3.366233
1000,39.5833,-6.0000,-3.347685
1000,15.6250,1.6667,-0.517404
1000,29.1667,-7.3333,-1.747328
1000,11.4583,2.0000,-0.219370
1000,22.9167,7.3333,-0.953689
1000,16.6667,1.6667,0.138521
1000,15.6250,7.0000,-1.747418
1000,31.2500,-0.6667,-3.358343
1000,28.1250,7.0000,-1.416787
1000,5.2083,-2.6667,-1.732177
1000,15.6250,2.3333,-0.594098
1000,23.9583,-1.6667,-3.355624
1000,2.0833,0.3333,-2.274489
1000,20.8333,-6.3333,-1.747362
1000,0.0000,6.3333,0.002248
1000,3.1250,3.3333,-1.747276
1000,29.1667,0.0000,-3.279280
1000,21.8750,-2.3333,-3.336314
1000,46.8750,-5.3333,-3.363394
1000,3.1250,2.0000,-1.177751
1000,14.5833,4.6667,-1.519697
1000,21.8750,3.0000,-0.619841
1000,3.1250,2.6667,-1.747325
1000,21.8750,6.3333,-1.221103
1000,32.2917,-3.6667,-3.342616
1000,9.3750,1.6667,-0.462570
1000,17.7083,6.6667,-1.372196
1000,12.5000,2.3333,-0.812181
1000,0.0000,7.0000,0.004598
1000,1.0417,-1.3333,-1.112421
1000,1.0417,8.0000,-1.747441
1000,22.9167,3.0000,-0.308129
1000,19.7917,-0.3333,-3.350034
1000,3.1250,-1.0000,-2.342380
1000,16.6667,-7.6667,-1.747343
1000,21.8750,2.0000,-0.574713
1000,10.4167,-7.6667,-1.747221
1000,7.2917,-6.3333,-1.747360
1000,20.8333,1.0000,-0.330730
1000,33.3333,-4.6667,-3.352341
1000,20.8333,3.3333,-1.044084
1000,20.8333,-7.6667,-1.747352
1000,23.9583,-5.6667,-1.747317
1000,4.1667,7.6667,-1.747300
1000,30.2083,-4.0000,-3.351892
1000,28.1250,-8.0000,-1.747469
1000,34.3750,-4.0000,-3.360929
1000,21.8750,7.0000,-0.143136
1000,32.2917,0.3333,-0.793211
1000,33.3333,8.0000,-0.412168
1000,9.3750,6.6667,-1.747448
1000,44.7917,-5.3333,-3.356217
1000,18.7500,4.3333,-1.869228
1000,19.7917,2.3333,-0.563376
1000,45.8333,-1.0000,-3.348883
1000,41.6667,-2.0000,-3.352849
1000,26.0417,4.3333,-1.594632
1000,1.0417,-7.6667,-1.747371
1000,35.4167,0.3333,-0.783378
1000,31.2500,0.6667,-0.778194
1000,29.1667,-3.6667,-3.335690
1000,33.3333,-0.6667,-3.354459
1000,27.0833,1.3333,-0.508445
1000,28.1250,3.0000,-0.559333
1000,21.8750,-7.0000,-1.747200
1000,10.4167,0.0000,-3.343816
1000,9.3750,3.0000,-1.747233
1000,42.7083,-3.0000,-3.355146
1000,28.1250,4.0000,-1.136765
1000,0.0000,-3.6667,0.032950
1000,28.1250,5.0000,-1.292493
1000,39.5833,0.3333,-0.893727
1000,4.1667,4.6667,-1.747281
1000,22.9167,0.6667,-0.537609
1000,27.0833,6.0000,-1.441169
1000,32.2917,-4.6667,-3.361116
1000,36.4583,-5.0000,-3.357937
1000,28.1250,2.0000,-0.708004
1000,28.1250,4.6667,-1.177819
1000,50.0000,-5.0000,-3.362496
1000,37.5000,-6.0000,-3.349929
1000,7.2917,-7.0000,-1.747430
1000,7.2917,-5.3333,-1.747498
1000,22.9167,-4.0000,-3.361416
1000,10.4167,-4.6667,-1.747259
1000,40.6250,7.6667,-1.788377
1000,48.9583,-6.3333,-3.365690
1000,13.5417,-2.6667,-3.332460
1000,46.8750,8.0000,-2.111039
1000,30.2083,0.3333,-0.779000
1000,3.1250,-2.6667,-1.791710
1000,48.9583,-2.0000,-3.360355
1000,12.5000,6.6667,-1.747258
1000,8.3333,-3.6667,-1.747231
1000,21.8750,3.6667,-1.014042
1000,32.2917,2.0000,-0.593341
1000,0.0000,-2.0000,-0.000310
1000,20.8333,0.3333,-0.080484
1000,6.2500,-1.0000,-2.017645
1000,21.8750,-7.3333,-1.747248
1000,16.6667,3.3333,-1.196398
1000,31.2500,5.0000,-0.216292
1000,38.5417,0.6667,-0.847539
1000,42.7083,-1.0000,-3.345063
1000,35.4167,-3.3333,-3.360156
1000,32.2917,2.3333,-0.545399
1000,2.0833,-3.3333,-1.501773
1000,25.0000,-1.0000,-3.363805
1000,39.5833,-8.0000,-3.353013
1000,44.7917,-6.0000,-3.361150
1000,22.9167,2.6667,-0.795714
1000,2.0833,-6.3333,-1.747287
1000,41.6667,0.6667,-0.872724
1000,3.1250,7.6667,-1.747714
1000,22.9167,1.6667,-0.350359
1000,6.2500,-4.3333,-1.747334
1000,6.2500,-1.3333,0.308988
1000,20.8333,3.6667,-0.995699
1000,48.9583,-7.0000,-3.354376
1000,50.0000,-3.0000,-3.356435
1000,33.3333,4.0000,-1.141194
1000,27.0833,7.6667,0.007743
1000,1.0417,-1.0000,-2.610722
1000,20.8333,6.3333,-0.920745
1000,5.2083,-0.3333,-1.692005
1000,25.0000,3.6667,-0.764146
1000,37.5000,1.6667,-0.748932
1000,39.5833,7.3333,-1.757325
1000,8.3333,4.3333,-1.747277
1000,10.4167,-5.6667,-1.747492
1000,12.5000,-2.0000,-3.344233
1000,19.7917,3.0000,-0.828426
1000,38.5417,-6.6667,-3.357876
1000,31.2500,4.0000,-1.032064
1000,36.4583,4.6667,-1.721640
1000,16.6667,-4.0000,-3.343107
1000,8.3333,0.3333,-0.766393
1000,3.1250,-4.0000,-1.745521
1000,36.4583,3.6667,-0.753744
1000,31.2500,6.0000,-1.410881
1000,1.0417,1.0000,-2.443145
1000,34.3750,3.6667,-0.735303
1000,42.7083,1.0000,-0.856600
1000,46.8750,0.6667,-0.916781
1000,3.1250,-4.3333,-1.747267
1000,28.1250,6.6667,-0.589546
1000,18.7500,4.6667,-1.562884
1000,39.5833,-2.3333,-3.350434
1000,27.0833,-7.6667,-1.747348
1000,41.6667,-4.0000,-3.341714
1000,11.4583,-5.0000,-1.747222
1000,28.1250,4.3333,-1.234100
1000,20.8333,-5.3333,-1.747541
1000,40.6250,-2.3333,-3.363831
1000,38.5417,0.3333,-0.779116
1000,30.2083,1.6667,-0.658509
1000,5.2083,-7.6667,-1.747374
1000,31.2500,2.6667,-0.677695
1000,30.2083,-7.3333,-1.747327
1000,47.9167,1.0000,-0.950717
1000,2.0833,3.6667,-1.747259
1000,42.7083,2.6667,-0.801748
1000,10.4167,-2.3333,-0.584804
1000,44.7917,1.0000,-0.859875
1000,32.2917,5.0000,-0.289799
1000,46.8750,1.3333,-0.929178
1000,29.1667,2.3333,-0.587836
1000,9.3750,-4.3333,-1.747325
1000,4.1667,-2.6667,-1.757921
1000,40.6250,3.6667,-0.861820
1000,31.2500,7.0000,-1.419866
1000,9.3750,8.0000,-1.747351
1000,20.8333,-3.3333,-3.351513
1000,45.8333,-4.6667,-3.358894
1000,37.5000,-1.0000,-3.354194
1000,0.0000,6.0000,0.002591
1000,39.5833,4.3333,-2.020478
1000,23.9583,-4.0000,-3.359114
1000,39.5833,-5.0000,-3.363765
1000,43.7500,0.6667,-0.895923
1000,35.4167,5.6667,-0.058078
1000,10.4167,2.6667,-1.392140
1000,41.6667,8.0000,-1.018625
1000,33.3333,2.0000,-0.603104
1000,17.7083,2.0000,-0.415501
1000,30.2083,3.0000,-0.338066
1000,16.6667,-8.0000,-1.747432
1000,6.2500,-5.0000,-1.747193
1000,40.6250,0.0000,-1.608512
1000,43.7500,4.3333,-2.126175
1000,21.8750,4.0000,-1.468497
1000,5.2083,-1.3333,-1.978115
1000,25.0000,1.6667,-0.547995
1000,36.4583,1.3333,-0.807733
1000,26.0417,-3.3333,-3.339017
1000,46.8750,2.6667,-0.858745
1000,15.6250,-8.0000,-1.747361
1000,23.9583,-6.3333,-1.747325
1000,33.3333,6.3333,-1.109079
1000,43.7500,-8.0000,-3.350927
1000,0.0000,7.3333,0.003446
1000,26.0417,5.3333,-1.531248
1000,20.8333,-0.3333,-3.346950
1000,47.9167,-0.6667,-3.366467
1000,5.2083,1.6667,-1.747289
1000,25.0000,8.0000,-1.496496
1000,41.6667,7.6667,-1.822827
1000,46.8750,-5.0000,-3.342809
1000,9.3750,4.3333,-1.747325
1000,28.1250,-6.6667,-1.747235
1000,14.5833,1.0000,-0.531636
1000,20.8333,5.0000,-1.743327
1000,18.7500,6.0000,-0.520949
1000,31.2500,3.6667,-0.674151
1000,13.5417,1.0000,-0.092762
1000,30.2083,1.3333,-0.606364
1000,18.7500,-5.0000,-1.747224
1000,33.3333,6.6667,-0.936835
1000,20.8333,0.6667,-0.154343
1000,4.1667,1.0000,-1.783790
1000,42.7083,-5.3333,-3.357003
1000,46.8750,-2.6667,-3.361423
1000,2.0833,-4.0000,-1.671117
1000,31.2500,1.6667,-0.362081
1000,26.0417,0.6667,-0.444716
1000,15.6250,2.0000,-0.533369
1000,35.4167,0.6667,-0.827124
1000,26.0417,-2.6667,-3.355754
1000,0.0000,8.0000,0.007344
1000,5.2083,0.3333,-1.182515
1000,34.3750,-2.3333,-3.361685
1000,36.4583,6.0000,-0.976560
1000,20.8333,-5.0000,-3.362306
1000,43.7500,1.6667,-0.869648
1000,36.4583,-1.3333,-3.349416
1000,27.0833,-6.6667,-1.747239
1000,42.7083,-2.3333,-3.337059
1000,9.3750,-3.0000,-1.747233
1000,18.7500,7.0000,-1.603890
1000,43.7500,7.0000,-1.366533
1000,9.3750,-7.6667,-1.747388
1000,1.0417,-7.0000,-1.747401
1000,35.4167,2.6667,-0.744437
1000,19.7917,7.6667,-1.764486
1000,17.7083,-4.3333,-3.371429
1000,21.8750,-5.6667,-1.747345
1000,36.4583,-5.6667,-3.361185
1000,30.2083,-4.6667,-3.354092
1000,42.7083,-5.0000,-3.355116
1000,11.4583,5.3333,-1.747445
1000,41.6667,-4.3333,-3.359221
1000,18.7500,-6.0000,-1.747279
1000,19.7917,-5.0000,-1.747223
1000,21.8750,-8.0000,-1.747365
1000,29.1667,-1.0000,-3.356647
1000,37.5000,3.3333,-0.859894
1000,45.8333,5.3333,-1.826104
1000,8.3333,3.3333,-1.747271
1000,47.9167,4.0000,-1.203155
1000,15.6250,-1.6667,-3.344341
1000,5.2083,-5.3333,-1.747457
1000,12.5000,-3.0000,-1.747197
1000,42.7083,8.0000,-1.918830
1000,43.7500,0.0000,-1.857657
1000,33.3333,3.6667,-0.366496
1000,17.7083,8.0000,-1.319398
1000,41.6667,3.3333,-0.888685
1000,32.2917,4.3333,-0.800956
1000,45.8333,-3.6667,-3.351843
1000,23.9583,-3.0000,-3.357651
1000,17.7083,-3.0000,-3.351612
1000,19.7917,-8.0000,-1.747291
1000,15.6250,-3.6667,-3.370601
1000,38.5417,-5.3333,-3.353321
1000,38.5417,6.0000,-0.036541
1000,27.0833,-8.0000,-1.747487
1000,13.5417,4.6667,-0.683523
1000,1.0417,4.6667,-1.747284
1000,25.0000,3.0000,-0.533416
1000,3.1250,4.0000,-1.747157
1000,10.4167,5.0000,-1.747220
1000,2.0833,-1.3333,-1.985427
1000,33.3333,-7.3333,-3.354845
1000,3.1250,-6.3333,-1.747303
1000,23.9583,2.6667,-0.738362
1000,13.5417,5.6667,-1.747406
1000,40.6250,-0.3333,-3.364173
1000,30.2083,-5.0000,-3.353864
1000,13.5417,5.3333,-1.747488
1000,7.2917,1.6667,-1.615282
1000,33.3333,3.3333,-0.802638
1000,5.2083,-1.0000,-1.636183
1000,17.7083,-0.3333,-3.358856
1000,35.4167,4.0000,-1.257625
1000,9.3750,2.3333,-0.929174
1000,3.1250,-5.0000,-1.747276
1000,25.0000,6.6667,-0.671988
1000,32.2917,5.6667,-1.223740
1000,5.2083,5.0000,-1.747241
1000,44.7917,-8.0000,-3.354277
1000,4.1667,6.6667,-1.747365
1000,39.5833,6.3333,-1.261716
1000,12.5000,-2.3333,-2.983042
1000,14.5833,-2.6667,-3.362250
1000,34.3750,-1.3333,-3.350763
1000,48.9583,-1.6667,-3.361279
1000,42.7083,-6.6667,-3.340134
1000,9.3750,0.6667,-0.820085
1000,43.7500,6.0000,-1.756631
1000,46.8750,-6.3333,-3.339505
1000,17.7083,3.0000,-0.967157
1000,12.5000,2.6667,-1.456480
1000,16.6667,0.3333,-0.502915
1000,30.2083,-0.3333,-3.349505
1000,44.7917,6.0000,-1.857485
1000,32.2917,-8.0000,-1.747456
1000,15.6250,-4.6667,-1.747265
1000,27.0833,-7.0000,-1.747363
1000,44.7917,-4.0000,-3.356662
1000,14.5833,-0.3333,-3.366638
1000,38.5417,4.3333,-1.914348
1000,42.7083,3.3333,-0.917279
1000,34.3750,-0.6667,-3.357842
1000,47.9167,4.3333,-2.152268
1000,2.0833,-3.0000,-1.140149
1000,4.1667,-3.3333,-1.762944
1000,12.5000,8.0000,-1.747388
1000,50.0000,1.6667,-0.868225
1000,12.5000,3.6667,-0.772312
1000,7.2917,-4.3333,-1.747318
1000,42.7083,-3.3333,-3.351270
1000,34.3750,-6.6667,-3.370106
1000,43.7500,3.6667,-0.953529
1000,18.7500,2.0000,-0.273303
1000,50.0000,7.0000,-1.560177
1000,50.0000,4.0000,-1.248398
1000,46.8750,1.6667,-0.816677
1000,21.8750,-0.3333,-3.348632
1000,35.4167,3.3333,-0.804131
1000,13.5417,-7.3333,-1.747297
1000,33.3333,-4.3333,-3.347183
1000,14.5833,3.0000,-0.130387
1000,38.5417,-1.6667,-3.361148
1000,14.5833,4.0000,-1.229874
1000,17.7083,2.6667,-0.844174
1000,48.9583,7.6667,-1.998581
1000,3.1250,1.3333,-1.952192
1000,19.7917,1.3333,-0.343668
1000,10.4167,7.6667,-1.747221
1000,36.4583,-1.0000,-3.343752
1000,12.5000,7.3333,-1.747278
1000,25.0000,-1.6667,-3.344676
1000,11.4583,-7.0000,-1.747292
1000,38.5417,6.3333,-1.109743
1000,36.4583,-6.3333,-3.355477
1000,32.2917,1.0000,-0.653229
1000,1.0417,1.6667,-0.871048
1000,40.6250,8.0000,-0.925749
1000,15.6250,0.0000,-3.342231
1000,2.0833,6.3333,-1.747287
1000,40.6250,0.6667,-0.906835
1000,46.8750,6.6667,-1.048286
1000,5.2083,7.0000,-1.747468
1000,33.3333,-5.0000,-3.364091
1000,31.2500,1.0000,-0.696361
1000,19.7917,-3.0000,-3.359960
1000,33.3333,3.0000,-0.567404
1000,47.9167,1.3333,-0.897593
1000,14.5833,0.0000,-3.372661
1000,48.9583,-1.0000,-3.364462
1000,0.0000,-3.0000,0.014184
1000,30.2083,0.6667,-0.722346
1000,2.0833,7.6667,-1.747381
1000,21.8750,4.6667,-1.632720
1000,39.5833,-7.0000,-3.348838
1000,14.5833,-6.3333,-1.747497
1000,33.3333,-6.0000,-3.355249
1000,16.6667,7.0000,-1.366936
1000,10.4167,-4.3333,-1.747330
1000,46.8750,-7.0000,-3.347475
1000,11.4583,-5.3333,-1.747445
1000,44.7917,-1.3333,-3.350187
1000,13.5417,7.3333,-1.747297
1000,6.2500,1.3333,-1.504804
1000,37.5000,-2.3333,-3.368847
1000,19.7917,-2.0000,-3.349613
1000,16.6667,-5.3333,-1.747533
1000,40.6250,1.0000,-0.814656
1000,42.7083,0.0000,-2.593554
1000,47.9167,-3.0000,-3.357805
1000,50.0000,-4.3333,-3.346251
1000,36.4583,6.3333,-1.109552
1000,11.4583,6.0000,-1.747293
1000,19.7917,3.6667,-1.027110
1000,32.2917,6.3333,-1.458304
1000,40.6250,-1.3333,-3.355242
1000,50.0000,7.3333,-1.799909
1000,0.0000,-4.3333,0.002142
1000,44.7917,-1.0000,-3.357468
1000,14.5833,5.0000,-1.110996
1000,38.5417,-6.3333,-3.335652
1000,48.9583,4.0000,-1.242168
1000,39.5833,-2.6667,-3.350492
1000,34.3750,-8.0000,-1.747502
1000,2.0833,3.3333,-1.747267
1000,43.7500,2.3333,-0.888068
1000,33.3333,-3.3333,-3.355877
1000,27.0833,-2.0000,-3.355413
1000,9.3750,7.6667,-1.747388
1000,21.8750,-2.0000,-3.340428
1000,11.4583,-6.3333,-1.747606
1000,30.2083,-2.0000,-3.364465
1000,27.0833,-2.3333,-3.332827
1000,1.0417,3.3333,-1.747241
1000,43.7500,-3.3333,-3.360646
1000,50.0000,3.0000,-0.877827
1000,14.5833,-0.6667,-3.333839
1000,15.6250,-2.3333,-3.342993
1000,45.8333,-6.3333,-3.353506
1000,50.0000,5.6667,-1.901448
1000,33.3333,-4.0000,-3.366231
1000,28.1250,0.0000,-2.348961
1000,5.2083,-6.0000,-1.747210
1000,29.1667,-6.3333,-3.362743
1000,8.3333,1.0000,-1.159073
1000,50.0000,-2.3333,-3.363558
1000,7.2917,6.6667,-1.747619
1000,2.0833,-8.0000,-1.747626
1000,19.7917,-2.3333,-3.340299
1000,38.5417,-5.0000,-3.356442
1000,34.3750,1.6667,-0.695376
1000,37.5000,-1.3333,-3.352223
1000,47.9167,-5.6667,-3.355061
1000,42.7083,4.6667,-2.055060
1000,4.1667,4.3333,-1.747295
1000,9.3750,-5.3333,-1.747406
1000,3.1250,-3.0000,-0.515059
1000,48.9583,-0.6667,-3.370153
1000,6.2500,3.3333,-1.747278
1000,34.3750,-6.0000,-3.352699
1000,39.5833,4.0000,-1.160836
1000,34.3750,-3.0000,-3.356317
1000,13.5417,6.3333,-1.747632
1000,19.7917,-4.3333,-3.349262
1000,13.5417,3.0000,-0.566573
1000,0.0000,-7.6667,0.004009
1000,47.9167,-4.0000,-3.360571
1000,44.7917,5.6667,-1.691632
1000,20.8333,4.3333,-1.619862
1000,15.6250,-6.0000,-1.747318
1000,15.6250,7.6667,-1.747335
1000,26.0417,-6.6667,-1.747237
1000,42.7083,5.0000,-1.873841
1000,45.8333,-0.6667,-3.368126
1000,45.8333,3.0000,-0.902304
1000,25.0000,-5.3333,-3.347324
1000,28.1250,-5.3333,-3.356211
1000,9.3750,-7.3333,-1.747495
1000,9.3750,-2.6667,-1.747332
1000,20.8333,-1.3333,-3.345971
1000,10.4167,-1.6667,-1.444272
1000,45.8333,6.6667,-1.018541
1000,35.4167,-3.6667,-3.354201
1000,4.1667,-2.3333,-1.746595
1000,45.8333,-2.0000,-3.351448
1000,50.0000,5.3333,-1.844994
1000,6.2500,5.6667,-1.747524
1000,34.3750,-1.0000,-3.350329
1000,4.1667,0.6667,-1.930480
1000,9.3750,-0.3333,-1.506753
1000,31.2500,-6.6667,-3.354847
1000,29.1667,-2.6667,-3.352871
1000,38.5417,3.6667,-0.722195
1000,33.3333,-7.0000,-3.369870
1000,19.7917,0.3333,-0.070542
1000,28.1250,6.0000,-1.268079
1000,41.6667,-7.0000,-3.350486
1000,48.9583,-4.6667,-3.364900
1000,40.6250,-6.6667,-3.353955
1000,40.6250,2.3333,-0.828072
1000,16.6667,3.6667,-0.809201
1000,14.5833,-5.6667,-1.747418
1000,22.9167,-0.6667,-3.355252
1000,14.5833,8.0000,-1.747355
1000,40.6250,-2.6667,-3.363592
1000,45.8333,-4.3333,-3.349165
1000,47.9167,-2.3333,-3.351058
1000,40.6250,-1.0000,-3.354734
1000,40.6250,-8.0000,-3.362939
1000,4.1667,-5.0000,-1.747255
1000,31.2500,-7.3333,-1.747330
1000,8.3333,3.6667,-1.747231
1000,38.5417,5.3333,-1.647262
1000,6.2500,-2.6667,-1.920082
1000,0.0000,2.3333,-0.000673
1000,34.3750,-6.3333,-3.341312
1000,19.7917,5.6667,-1.395236
1000,48.9583,0.3333,-0.835185
1000,47.9167,0.3333,-0.900726
1000,37.5000,-7.0000,-3.354280
1000,10.4167,2.0000,-0.469929
1000,31.2500,0.0000,-2.279937
1000,45.8333,-3.0000,-3.357065
1000,8.3333,2.0000,-1.343464
1000,39.5833,-6.3333,-3.330237
1000,28.1250,-0.3333,-3.359154
1000,8.3333,-4.6667,-1.747260
1000,15.6250,-7.3333,-1.747369
1000,30.2083,7.3333,-1.453081
1000,2.0833,-1.6667,-2.095110
1000,5.2083,-4.6667,-1.747239
1000,25.0000,-0.3333,-3.365167
1000,29.1667,-1.3333,-3.351619
1000,7.2917,7.0000,-1.747430
1000,30.2083,-1.0000,-3.363626
1000,42.7083,-5.6667,-3.351437
1000,5.2083,4.0000,-1.747140
1000,39.5833,-2.0000,-3.353822
1000,27.0833,3.0000,-0.773896
1000,0.0000,-5.3333,0.024829
1000,32.2917,7.3333,-1.307310
1000,35.4167,-8.0000,-1.747493
1000,14.5833,5.3333,-0.518011
1000,14.5833,-2.3333,-3.351912
1000,8.3333,-1.6667,-0.690781
1000,38.5417,3.0000,-0.810122
1000,47.9167,2.3333,-0.924707
1000,6.2500,-3.6667,-1.627250
1000,37.5000,7.0000,-1.157193
1000,16.6667,-3.0000,-3.362741
1000,16.6667,-7.0000,-1.747381
1000,23.9583,5.3333,-1.452442
1000,15.6250,5.3333,-0.836509
1000,11.4583,-6.0000,-1.747293
1000,29.1667,4.0000,-1.208831
1000,0.0000,1.0000,0.001114
1000,22.9167,-1.3333,-3.342653
1000,48.9583,-1.3333,-3.357930
1000,19.7917,-2.6667,-3.356150
1000,33.3333,-5.3333,-3.359175
1000,35.4167,5.0000,-1.803635
1000,0.0000,4.6667,-0.001066
1000,48.9583,-5.6667,-3.367250
1000,7.2917,-5.6667,-1.747332
1000,16.6667,-2.3333,-3.348458
1000,46.8750,0.0000,-1.680425
1000,32.2917,0.0000,-1.649557
1000,35.4167,-3.0000,-3.364947
1000,11.4583,4.0000,-1.747186
1000,1.0417,6.3333,-1.747353
1000,33.3333,-6.3333,-3.361696
1000,28.1250,-0.6667,-3.359851
1000,47.9167,3.6667,-1.016938
1000,12.5000,5.0000,-1.747223
1000,44.7917,0.6667,-0.892788
1000,48.9583,6.0000,-1.859676
1000,28.1250,7.3333,-1.544403
1000,5.2083,-8.0000,-1.747333
1000,25.0000,7.6667,-0.443930
1000,0.0000,-2.3333,0.014437
1000,8.3333,5.3333,-1.747457
1000,29.1667,0.3333,-0.623709
1000,29.1667,2.0000,-0.584184
1000,17.7083,4.0000,-1.138805
1000,37.5000,6.6667,-0.879833
1000,41.6667,1.6667,-0.814063
1000,15.6250,3.6667,-0.362965
1000,14.5833,-3.6667,-3.353252
1000,35.4167,6.6667,-0.826536
1000,2.0833,4.0000,-1.747208
1000,3.1250,6.3333,-1.747303
1000,39.5833,-0.6667,-3.359197
1000,47.9167,-4.3333,-3.355999
1000,16.6667,6.3333,-1.430078
1000,4.1667,-1.0000,-2.204338
1000,31.2500,7.3333,-1.353858
1000,43.7500,6.6667,-1.072748
1000,8.3333,-2.0000,-1.743576
1000,11.4583,3.3333,-1.410160
1000,7.2917,5.3333,-1.747498
1000,18.7500,-5.6667,-1.747353
1000,34.3750,7.3333,-1.354329
1000,26.0417,4.6667,-1.472755
1000,50.0000,-4.0000,-3.340985
1000,5.2083,5.3333,-1.747457
1000,21.8750,-1.6667,-3.356727
1000,34.3750,-7.6667,-1.747347
1000,9.3750,5.6667,-1.747486
1000,19.7917,-5.6667,-1.747378
1000,29.1667,5.0000,-1.151887
1000,15.6250,-2.6667,-3.355985
1000,26.0417,-1.0000,-3.338436
1000,47.9167,8.0000,-2.291768
1000,40.6250,5.3333,-1.839069
1000,37.5000,5.3333,-1.825425
1000,18.7500,5.0000,-1.360116
1000,7.2917,4.0000,-1.747176
1000,30.2083,-2.3333,-3.351375
1000,22.9167,-7.6667,-1.747408
1000,23.9583,2.3333,-0.322939
1000,6.2500,7.0000,-1.747406
1000,20.8333,-2.3333,-3.348983
1000,40.6250,-6.0000,-3.358886
1000,17.7083,4.3333,-1.741237
1000,11.4583,-1.0000,-3.343534
1000,7.2917,3.3333,-1.747272
1000,36.4583,0.0000,-3.357072
1000,13.5417,-2.0000,-3.356379
1000,6.2500,2.6667,-1.747331
1000,5.2083,-1.6667,-2.197550
1000,27.0833,1.0000,-0.539671
1000,25.0000,-1.3333,-3.339910
1000,31.2500,-5.0000,-3.344019
1000,45.8333,-7.0000,-3.355680
1000,6.2500,-3.3333,-1.583302
1000,30.2083,2.6667,-0.561285
1000,48.9583,-3.0000,-3.362272
1000,27.0833,0.6667,-0.468524
1000,5.2083,2.3333,-1.747275
1000,35.4167,-2.0000,-3.354955
1000,5.2083,-4.0000,-1.712132
1000,35.4167,-0.3333,-3.357027
1000,37.5000,-0.3333,-3.356900
1000,16.6667,1.3333,-0.316124
1000,10.4167,2.3333,-0.828659
1000,0.0000,-5.6667,-0.023990
1000,13.5417,-7.0000,-1.747182
1000,23.9583,4.6667,-1.542258
1000,48.9583,-6.6667,-3.360723
1000,11.4583,-0.6667,-3.349919
1000,1.0417,-8.0000,-1.747441
1000,38.5417,4.0000,-1.050429
1000,5.2083,-3.6667,-1.716738
1000,23.9583,3.0000,-0.607217
1000,26.0417,4.0000,-1.186123
1000,0.0000,-0.6667,0.000540
1000,14.5833,-4.3333,-1.747308
1000,35.4167,-1.3333,-3.345609
1000,44.7917,3.6667,-0.917937
1000,5.2083,-3.3333,-1.693246
1000,47.9167,-3.3333,-3.360333
1000,44.7917,3.0000,-0.841413
1000,11.4583,1.0000,-0.375371
1000,33.3333,0.0000,-3.382658
1000,46.8750,4.6667,-1.816737
1000,41.6667,2.6667,-0.859197
1000,44.7917,8.0000,-2.068049
1000,42.7083,3.0000,-0.858862
1000,29.1667,8.0000,-1.218594
1000,29.1667,-7.0000,-1.747365
1000,8.3333,5.6667,-1.747431
1000,42.7083,-7.3333,-3.348920
1000,40.6250,1.3333,-0.834803
1000,42.7083,-1.3333,-3.354978
1000,40.6250,-3.0000,-3.367118
1000,14.5833,0.6667,-0.573053
1000,41.6667,-8.0000,-3.354970
1000,9.3750,-3.3333,-1.747331
1000,20.8333,3.0000,-0.807738
1000,41.6667,5.3333,-1.779185
1000,42.7083,-0.6667,-3.363834
1000,31.2500,6.3333,-1.313510
1000,22.9167,1.3333,-0.421925
1000,46.8750,7.3333,-1.753843
1000,38.5417,-0.3333,-3.355700
1000,12.5000,-3.3333,-1.747341
1000,38.5417,-3.3333,-3.365885
1000,16.6667,3.0000,-0.829537
1000,13.5417,3.6667,-0.702913
1000,17.7083,1.6667,-0.205796
1000,48.9583,2.3333,-0.896707
1000,7.2917,-1.3333,-1.408775
1000,41.6667,6.0000,-1.657140
1000,44.7917,0.3333,-0.869032
1000,4.1667,-0.3333,-2.308826
1000,0.0000,5.0000,-0.000270
1000,3.1250,-7.3333,-1.747453
1000,47.9167,-1.6667,-3.364148
1000,34.3750,-4.6667,-3.350061
1000,20.8333,2.3333,-0.324187
1000,20.8333,-1.6667,-3.349913
1000,23.9583,6.3333,-1.337552
1000,17.7083,0.6667,-0.206363
1000,4.1667,-8.0000,-1.747420
1000,48.9583,-5.0000,-3.358495
1000,41.6667,3.0000,-0.853919
1000,20.8333,-2.6667,-3.356727
1000,31.2500,-1.3333,-3.355661
1000,19.7917,7.3333,-1.344508
1000,36.4583,-2.3333,-3.358499
1000,25.0000,5.0000,-1.509692
1000,11.4583,3.0000,-1.747233
1000,4.1667,7.0000,-1.747374
1000,8.3333,-7.3333,-1.747587
1000,32.2917,5.3333,-0.747955
1000,45.8333,2.0000,-0.867538
1000,18.7500,3.6667,-1.132542
1000,40.6250,-3.6667,-3.357034
1000,2.0833,6.0000,-1.747166
1000,38.5417,-8.0000,-3.353522
1000,36.4583,-4.0000,-3.353666
1000,35.4167,7.3333,-1.296992
1000,13.5417,0.0000,-3.149419
1000,38.5417,1.6667,-0.865805
1000,22.9167,-8.0000,-1.747417
1000,26.0417,2.3333,-0.571506
1000,38.5417,-7.0000,-3.352229
1000,32.2917,-2.3333,-3.341549
1000,15.6250,-4.3333,-1.747268
1000,16.6667,4.0000,-0.758755
1000,46.8750,-0.3333,-3.366355
1000,13.5417,-1.0000,-3.350359
1000,12.5000,1.6667,-0.120123
1000,46.8750,3.3333,-0.948918
1000,25.0000,2.3333,-0.430982
1000,27.0833,5.0000,-1.425836
1000,43.7500,-3.6667,-3.361338
1000,40.6250,1.6667,-0.803735
1000,44.7917,-2.3333,-3.342196
1000,40.6250,0.3333,-0.927076
1000,41.6667,-3.6667,-3.350710
1000,11.4583,1.6667,-0.227401
1000,42.7083,4.0000,-1.260331
1000,31.2500,-6.3333,-3.350272
1000,31.2500,-7.0000,-3.364134
1000,12.5000,3.0000,-1.293110
1000,16.6667,2.6667,-0.715857
1000,12.5000,-5.6667,-1.747443
1000,43.7500,-7.6667,-3.359193
1000,34.3750,6.3333,-1.163599
1000,15.6250,2.6667,-0.505634
1000,44.7917,-7.0000,-3.359170
1000,47.9167,5.3333,-1.707831
1000,26.0417,3.3333,-0.463606
1000,1.0417,5.6667,-1.747304
1000,17.7083,-5.6667,-1.747371
1000,29.1667,6.6667,-1.116961
1000,6.2500,-2.3333,-1.562753
1000,22.9167,-3.6667,-3.354326
1000,3.1250,6.6667,-1.747215
1000,14.5833,2.3333,-0.640535
1000,17.7083,-2.3333,-3.337103
1000,15.6250,4.6667,-1.481412
1000,3.1250,-6.0000,-1.747008
1000,14.5833,-4.0000,-1.747188
1000,8.3333,7.6667,-1.747220
1000,14.5833,-2.0000,-3.345165
1000,14.5833,7.0000,-1.747186
1000,26.0417,-4.0000,-3.361496
1000,19.7917,-3.3333,-3.361954
1000,6.2500,6.3333,-1.747384
1000,43.7500,-0.3333,-3.369326
1000,7.2917,0.3333,-0.980235
1000,43.7500,-0.6667,-3.362183
1000,32.2917,-2.0000,-3.357936
1000,34.3750,-1.6667,-3.363517
1000,46.8750,5.6667,-1.631710
1000,28.1250,-2.6667,-3.353954
1000,20.8333,-6.6667,-1.747244
1000,29.1667,6.0000,-1.250370
1000,40.6250,2.0000,-0.733802
1000,16.6667,7.3333,-1.747242
1000,31.2500,8.0000,-0.073517
1000,29.1667,-6.0000,-3.357580
1000,2.0833,6.6667,-1.747266
1000,8.3333,-5.3333,-1.747457
1000,23.9583,-7.6667,-1.747409
1000,5.2083,3.0000,-1.747239
1000,43.7500,1.0000,-0.880853
1000,4.1667,-1.6667,-2.167503
1000,31.2500,-2.3333,-3.355195
1000,12.5000,1.0000,-0.145457
1000,33.3333,7.6667,-1.358551
1000,17.7083,-4.0000,-3.355023
1000,26.0417,7.0000,-1.449729
1000,43.7500,-1.3333,-3.356732
1000,18.7500,1.3333,-0.303867
1000,46.8750,-1.3333,-3.358631
1000,16.6667,5.6667,-0.344566
1000,38.5417,0.0000,-3.335288
1000,31.2500,-1.0000,-3.358983
1000,35.4167,-7.3333,-3.352331
1000,13.5417,0.3333,-0.627399
1000,41.6667,-1.3333,-3.351373
1000,3.1250,8.0000,-1.747292
1000,28.1250,-4.3333,-3.355625
1000,7.2917,5.0000,-1.747198
1000,39.5833,-3.0000,-3.366065
1000,45.8333,-2.6667,-3.348239
1000,42.7083,-6.0000,-3.346380
1000,9.3750,5.3333,-1.747406
1000,11.4583,-4.0000,-1.747186
1000,41.6667,-0.6667,-3.365530
1000,39.5833,-1.6667,-3.352131
1000,39.5833,1.3333,-0.870272
1000,21.8750,-1.0000,-3.352060
1000,13.5417,1.3333,0.275637
1000,34.3750,-0.3333,-3.366318
1000,17.7083,3.3333,-1.128798
1000,20.8333,-2.0000,-3.355110
1000,17.7083,6.0000,0.778228
1000,31.2500,-3.3333,-3.360055
1000,46.8750,2.0000,-0.793880
1000,6.2500,-6.0000,-1.747200
1000,36.4583,-6.6667,-3.356488
1000,14.5833,-7.3333,-1.747260
1000,30.2083,3.3333,-0.512359
1000,16.6667,-6.6667,-1.747271
1000,7.2917,6.0000,-1.747321
1000,36.4583,-8.0000,-1.747517
1000,25.0000,4.3333,-1.654579
1000,30.2083,-3.0000,-3.347946
1000,0.0000,-1.6667,0.103133
1000,27.0833,6.3333,-1.446862
1000,44.7917,6.3333,-1.382389
1000,10.4167,-1.0000,-1.242700
1000,18.7500,2.3333,-0.315560
1000,21.8750,-6.3333,-1.747354
1000,39.5833,7.6667,-1.658304
1000,14.5833,-7.6667,-1.747327
1000,11.4583,-5.6667,-1.747352
1000,13.5417,2.0000,-0.323382
1000,31.2500,-4.3333,-3.360780
1000,38.5417,7.0000,-1.074032
1000,44.7917,1.6667,-0.882787
1000,1.0417,6.6667,-1.747279
1000,29.1667,-4.3333,-3.347313
1000,5.2083,-5.0000,-1.747241
1000,19.7917,7.0000,-1.858260
1000,18.7500,5.6667,-1.248278
1000,23.9583,5.6667,-1.427132
1000,6.2500,-0.6667,-2.289918
1000,35.4167,1.0000,-0.786186
1000,3.1250,2.3333,-1.670594
1000,7.2917,7.3333,-1.747477
1000,17.7083,-2.6667,-3.352428
1000,28.1250,6.3333,-1.475446
1000,29.1667,1.3333,-0.668498
1000,7.2917,-3.0000,-1.608215
1000,32.2917,6.6667,-1.116342
1000,28.1250,2.3333,-0.497625
1000,39.5833,1.0000,-0.835535
1000,32.2917,-6.3333,-3.357853
1000,33.3333,-3.0000,-3.359172
1000,2.0833,2.0000,-1.204415
1000,22.9167,2.0000,-0.331483
1000,45.8333,-0.3333,-3.361730
1000,13.5417,6.6667,-1.747260
1000,11.4583,4.6667,-1.747263
1000,12.5000,-4.6667,-1.747262
1000,23.9583,0.3333,-0.424853
1000,4.1667,-4.6667,-1.747281
1000,45.8333,1.0000,-0.949821
1000,46.8750,-7.3333,-3.335421
1000,4.1667,-3.0000,-1.527496
1000,23.9583,2.0000,-0.711300
1000,2.0833,-3.6667,-1.785685
1000,0.0000,-1.3333,0.000820
1000,29.1667,-2.3333,-3.351536
1000,41.6667,3.6667,-0.856807
1000,18.7500,-0.3333,-3.357784
1000,6.2500,0.0000,-0.664329
1000,5.2083,6.3333,-1.747356
1000,38.5417,-3.0000,-3.360465
1000,0.0000,-4.6667,-0.013732
1000,13.5417,-4.3333,-1.747310
1000,36.4583,7.6667,-1.272496
1000,19.7917,-7.0000,-1.747290
1000,15.6250,-5.6667,-1.747423
1000,28.1250,-7.0000,-1.747495
1000,11.4583,5.6667,-1.747352
1000,36.4583,-7.6667,-3.364508
1000,13.5417,-0.3333,-3.353312
1000,18.7500,-0.6667,-3.353082
1000,19.7917,6.0000,-1.244702
1000,2.0833,-5.6667,-1.747287
1000,41.6667,-6.6667,-3.352460
1000,20.8333,-4.3333,-3.365544
1000,25.0000,-2.6667,-3.352392
1000,42.7083,4.3333,-1.985577
1000,45.8333,-6.0000,-3.357989
1000,6.2500,-7.3333,-1.747099
1000,23.9583,-8.0000,-1.747497
1000,26.0417,0.0000,-3.332299
1000,12.5000,-7.0000,-1.747296
1000,29.1667,-3.3333,-3.349991
1000,21.8750,-3.0000,-3.361722
1000,17.7083,-1.6667,-3.345587
1000,0.0000,1.6667,-0.001897
1000,21.8750,4.3333,-1.627224
1000,9.3750,4.0000,-1.747185
1000,34.3750,-3.3333,-3.356243
1000,32.2917,-3.3333,-3.355932
1000,28.1250,-3.0000,-3.352907
1000,10.4167,5.6667,-1.747492
1000,4.1667,4.0000,-1.747139
1000,9.3750,-1.0000,-2.326763
1000,21.8750,7.6667,-1.314842
1000,26.0417,0.3333,-0.292989
1000,36.4583,4.0000,-0.649982
1000,2.0833,0.0000,-2.217115
1000,28.1250,-6.3333,-3.367104
1000,44.7917,-2.6667,-3.354452
1000,37.5000,2.0000,-0.818291
1000,21.8750,0.3333,-0.038678
1000,16.6667,6.0000,0.686552
1000,41.6667,4.0000,-1.180276
1000,21.8750,1.0000,-0.291261
1000,32.2917,-7.0000,-3.358617
1000,48.9583,3.0000,-0.912219
1000,3.1250,-5.3333,-1.747291
1000,28.1250,-1.3333,-3.350307
1000,29.1667,-8.0000,-1.747503
1000,7.2917,-7.3333,-1.747477
1000,32.2917,1.3333,-0.702233
1000,13.5417,-4.6667,-1.747263
1000,15.6250,-5.0000,-1.747239
1000,4.1667,6.3333,-1.747302
1000,41.6667,-6.0000,-3.361146
1000,4.1667,-5.3333,-1.747378
1000,1.0417,3.6667,-1.747286
1000,7.2917,-1.6667,-0.350032
1000,0.0000,6.6667,0.000022
1000,21.8750,5.6667,-1.411250
1000,36.4583,3.0000,-0.769439
1000,27.0833,7.3333,-1.232231
1000,14.5833,6.6667,-1.747277
1000,46.8750,-7.6667,-3.355762
1000,34.3750,0.6667,-0.843147
1000,48.9583,3.3333,-0.943124
1000,1.0417,-1.6667,-1.582234
1000,50.0000,6.3333,-1.440062
1000,15.6250,8.0000,-1.747361
1000,28.1250,5.3333,-1.342347
1000,33.3333,-2.6667,-3.349248
1000,9.3750,-6.6667,-1.747448
1000,8.3333,-6.3333,-1.747550
1000,18.7500,-6.3333,-1.747407
1000,10.4167,-6.0000,-1.747277
1000,7.2917,-8.0000,-1.747418
1000,3.1250,1.0000,-2.322429
1000,20.8333,-0.6667,-3.353634
1000,17.7083,-6.6667,-1.747263
1000,43.7500,7.6667,-1.916888
1000,37.5000,4.3333,-1.642283
1000,42.7083,0.6667,-0.890476
1000,7.2917,-4.6667,-1.747263
1000,35.4167,-4.0000,-3.352446
1000,22.9167,6.6667,0.219910
1000,5.2083,6.6667,-1.747430
1000,27.0833,-4.0000,-3.357798
1000,12.5000,-0.6667,-3.350736
1000,22.9167,-6.6667,-1.747287
1000,31.2500,-5.3333,-3.343387
1000,1.0417,5.3333,-1.747428
1000,47.9167,6.6667,-1.068028
1000,25.0000,0.0000,-3.111647
1000,47.9167,-1.0000,-3.366076
1000,15.6250,0.6667,-0.539817
1000,4.1667,-6.3333,-1.747302
1000,43.7500,-6.0000,-3.360264
1000,20.8333,5.6667,-1.294377
1000,11.4583,-4.3333,-1.747325
1000,3.1250,7.0000,-1.747326
1000,40.6250,2.6667,-0.812296
1000,20.8333,1.6667,-0.297770
1000,20.8333,-7.3333,-1.747232
1000,23.9583,4.3333,-1.630998
1000,36.4583,6.6667,-0.940585
1000,44.7917,0.0000,-3.347614
1000,43.7500,8.0000,-1.952829
1000,42.7083,1.6667,-0.937731
1000,36.4583,-3.6667,-3.354275
1000,26.0417,-7.3333,-1.747322
1000,22.9167,-4.6667,-3.366705
1000,30.2083,4.0000,-0.835930
1000,23.9583,-6.0000,-1.747312
1000,19.7917,4.6667,-1.648881
1000,30.2083,-0.6667,-3.357962
1000,29.1667,-3.0000,-3.353467
1000,48.9583,1.0000,-0.930279
1000,3.1250,-7.0000,-1.747326
1000,35.4167,-5.3333,-3.349896
1000,12.5000,-1.0000,-3.359235
1000,9.3750,-5.6667,-1.747486
1000,35.4167,-5.0000,-3.354092
1000,32.2917,-6.0000,-3.363803
1000,15.6250,6.0000,-1.015615
1000,20.8333,-4.0000,-3.357352
1000,48.9583,-5.3333,-3.364263
1000,2.0833,-4.6667,-1.747419
1000,16.6667,-2.6667,-3.353863
1000,42.7083,-2.0000,-3.340693
1000,39.5833,3.6667,-0.843079
1000,12.5000,7.6667,-1.747259
1000,50.0000,-7.6667,-3.361722
1000,50.0000,-0.3333,-3.365335
1000,18.7500,7.3333,-1.583417
1000,35.4167,-7.0000,-3.355335
1000,10.4167,-1.3333,-1.001973
1000,44.7917,-5.0000,-3.366002
1000,8.3333,-1.0000,-2.088698
1000,44.7917,4.0000,-1.108525
1000,17.7083,5.3333,-1.386722
1000,16.6667,-3.3333,-3.358663
1000,4.1667,3.0000,-1.747241
1000,43.7500,4.6667,-1.833827
1000,31.2500,-8.0000,-1.747467
1000,41.6667,-1.0000,-3.360853
1000,48.9583,-6.0000,-3.368720
1000,39.5833,6.0000,-1.787155
1000,19.7917,-4.6667,-3.360470
1000,45.8333,4.0000,-1.087463
1000,21.8750,1.3333,-0.505163
1000,2.0833,7.3333,-1.747359
1000,33.3333,5.3333,-0.504417
1000,41.6667,4.6667,-1.977214
1000,9.3750,-2.3333,-1.747275
1000,47.9167,6.0000,-1.905695
1000,7.2917,3.6667,-1.747233
1000,30.2083,2.0000,-0.548812
1000,25.0000,-4.3333,-3.344830
1000,7.2917,1.0000,-0.973202
1000,1.0417,-2.0000,-1.606052
1000,17.7083,7.0000,-1.510636
1000,44.7917,7.0000,-1.498289
1000,33.3333,5.6667,-1.206597
1000,12.5000,3.3333,-1.447375
1000,45.8333,7.0000,-1.410078
1000,38.5417,-1.3333,-3.351055
1000,40.6250,-7.0000,-3.346407
1000,7.2917,2.0000,-1.021919
1000,33.3333,-0.3333,-3.363237
1000,8.3333,4.6667,-1.747260
1000,9.3750,5.0000,-1.747223
1000,28.1250,-3.6667,-3.357048
1000,1.0417,-5.3333,-1.747428
1000,28.1250,2.6667,-0.430958
1000,11.4583,1.3333,-0.125648
1000,2.0833,8.0000,-1.747626
1000,20.8333,8.0000,-1.608906
1000,43.7500,3.0000,-0.930327
1000,46.8750,-1.6667,-3.359460
1000,30.2083,5.6667,-1.327375
1000,23.9583,-1.0000,-3.343874
1000,34.3750,4.0000,-1.340736
1000,3.1250,0.6667,-2.356386
1000,47.9167,2.6667,-0.891505
1000,2.0833,2.3333,-1.615491
1000,1.0417,-6.6667,-1.747279
1000,17.7083,2.3333,-0.741913
1000,6.2500,-6.3333,-1.747384
1000,10.4167,3.6667,-1.747228
1000,12.5000,-8.0000,-1.747388
1000,7.2917,-3.3333,-1.669463
1000,29.1667,-7.6667,-1.747360
1000,43.7500,-6.6667,-3.339743
1000,2.0833,4.3333,-1.747377
1000,48.9583,1.6667,-0.832242
1000,45.8333,0.6667,-0.918414
1000,25.0000,-2.3333,-3.346376
1000,7.2917,7.6667,-1.747239
1000,22.9167,6.0000,-1.334838
1000,45.8333,-5.3333,-3.361862
1000,13.5417,-8.0000,-1.747344
1000,19.7917,4.3333,-1.743791
1000,34.3750,0.3333,-0.883413
1000,2.0833,-6.6667,-1.747266
1000,17.7083,7.3333,-1.821468
1000,25.0000,-7.3333,-1.747322
1000,16.6667,-0.3333,-3.353985
1000,39.5833,8.0000,-0.942720
1000,43.7500,6.3333,-1.361527
1000,34.3750,7.6667,-1.565232
1000,25.0000,-0.6667,-3.350355
1000,37.5000,8.0000,-0.029440
1000,37.5000,-7.6667,-3.365056
1000,19.7917,-1.6667,-3.345774
1000,27.0833,-6.0000,-3.348372
1000,20.8333,6.6667,0.050642
1000,2.0833,1.6667,-1.609178
1000,45.8333,-1.6667,-3.356458
1000,10.4167,-6.6667,-1.747430
1000,2.0833,-7.3333,-1.747359
1000,44.7917,-6.3333,-3.353352
1000,22.9167,3.3333,-0.697005
1000,37.5000,7.6667,-1.357225
1000,33.3333,1.3333,-0.728748
1000,32.2917,-1.0000,-3.351758
1000,26.0417,-3.6667,-3.340172
1000,21.8750,5.3333,-1.502592
1000,18.7500,4.0000,-1.319523
1000,7.2917,4.6667,-1.747263
1000,23.9583,0.0000,-2.389378
1000,23.9583,3.3333,-0.944464
1000,7.2917,-5.0000,-1.747198
1000,35.4167,2.3333,-0.742913
1000,38.5417,7.6667,-1.507572
1000,42.7083,-0.3333,-3.368858
1000,13.5417,6.0000,-1.747275
1000,44.7917,3.3333,-0.882844
1000,1.0417,7.6667,-1.747371
1000,46.8750,-3.3333,-3.368960
1000,40.6250,4.6667,-1.956404
1000,38.5417,-6.0000,-3.358565
1000,30.2083,2.3333,-0.507453
1000,10.4167,7.3333,-1.747395
1000,37.5000,-3.0000,-3.348973
1000,28.1250,5.6667,-1.403909
1000,26.0417,-2.3333,-3.354355
1000,31.2500,5.3333,-1.095565
1000,3.1250,4.6667,-1.747323
1000,7.2917,-2.3333,-1.968048
1000,35.4167,1.3333,-0.808152
1000,2.0833,-7.0000,-1.747336
1000,39.5833,-1.3333,-3.364086
1000,17.7083,5.0000,-1.543186
1000,29.1667,-5.3333,-3.347106
1000,9.3750,3.3333,-1.747331
1000,8.3333,5.0000,-1.747199
1000,26.0417,-7.0000,-1.747341
1000,7.2917,0.0000,-1.616131
1000,35.4167,6.0000,-1.014533
1000,28.1250,1.0000,-0.626521
1000,46.8750,-3.0000,-3.350773
1000,4.1667,-7.6667,-1.747300
1000,21.8750,-0.6667,-3.350274
1000,11.4583,-3.0000,-1.747233
1000,13.5417,-1.3333,-3.337359
1000,42.7083,1.3333,-0.875301
1000,36.4583,-3.0000,-3.355960
1000,0.0000,-1.0000,0.000474
1000,50.0000,-0.6667,-3.360107
1000,15.6250,-7.6667,-1.747335
1000,17.7083,-3.3333,-3.327046
1000,25.0000,2.6667,-0.133112
1000,44.7917,-3.0000,-3.358510
1000,20.8333,-6.0000,-1.747297
1000,22.9167,5.0000,-1.522694
1000,6.2500,-6.6667,-1.747259
1000,9.3750,-1.6667,-1.399164
1000,20.8333,-3.0000,-3.355068
1000,22.9167,4.6667,-1.451601
1000,10.4167,6.0000,-1.747277
1000,37.5000,5.0000,-2.055681
1000,5.2083,3.6667,-1.747224
1000,39.5833,1.6667,-0.861364
1000,4.1667,-5.6667,-1.747395
1000,23.9583,7.6667,-0.892046
1000,0.0000,-2.6667,0.004236
1000,45.8333,-6.6667,-3.353938
1000,8.3333,2.6667,-1.747332
1000,13.5417,5.0000,-1.747226
1000,46.8750,4.0000,-1.194917
1000,31.2500,-1.6667,-3.359332
1000,21.8750,5.0000,-1.592132
1000,0.0000,0.0000,-0.000137
1000,23.9583,-2.3333,-3.340959
1000,43.7500,-7.0000,-3.361584
1000,50.0000,-3.6667,-3.356686
1000,32.2917,-5.3333,-3.352400
1000,38.5417,-2.3333,-3.346233
1000,7.2917,2.3333,-1.747275
1000,12.5000,4.0000,-1.295070
1000,32.2917,-0.6667,-3.351671
1000,4.1667,-4.0000,-1.629078
1000,4.1667,-3.6667,-1.596850
1000,31.2500,-3.0000,-3.361728
1000,8.3333,-0.3333,-1.432288
1000,12.5000,0.6667,-0.783465
1000,34.3750,-4.3333,-3.370409
1000,5.2083,-0.6667,-1.495624
1000,12.5000,-6.3333,-1.747605
1000,34.3750,3.0000,-0.560951
1000,17.7083,6.3333,-0.344436
1000,32.2917,8.0000,-0.327542
1000,0.0000,-8.0000,-0.007102
1000,45.8333,1.3333,-0.854947
1000,27.0833,0.3333,-0.487071
1000,34.3750,-5.0000,-3.342969
1000,11.4583,0.0000,-2.790265
1000,35.4167,-1.0000,-3.358253
1000,16.6667,1.0000,-0.176921
1000,13.5417,2.3333,-0.783556
1000,33.3333,0.3333,-0.741135
1000,8.3333,-1.3333,-1.611220
1000,47.9167,-8.0000,-3.355481
1000,25.0000,5.3333,-1.116111
1000,15.6250,3.3333,-1.028639
1000,40.6250,-2.0000,-3.364250
1000,8.3333,1.6667,-1.067312
1000,25.0000,4.6667,-1.387563
1000,33.3333,2.3333,-0.689401
1000,10.4167,0.6667,-0.624534
1000,37.5000,0.6667,-0.882893
1000,27.0833,6.6667,-0.888932
1000,5.2083,-6.6667,-1.747430
1000,48.9583,5.3333,-1.890531
1000,1.0417,4.3333,-1.747357
1000,23.9583,4.0000,-1.278104
1000,21.8750,2.3333,-0.641364
1000,28.1250,-7.6667,-1.747370
1000,50.0000,1.3333,-0.885335
1000,42.7083,7.0000,-1.377840
1000,43.7500,-4.6667,-3.350565
1000,18.7500,-2.0000,-3.359450
1000,35.4167,-2.6667,-3.349605
1000,21.8750,-5.0000,-3.350246
1000,29.1667,0.6667,-0.567641
1000,23.9583,3.6667,-0.978793
1000,27.0833,2.6667,-0.329146
1000,13.5417,-3.0000,-3.333850
1000,2.0833,3.0000,-1.747231
1000,32.2917,4.0000,-1.202964
1000,1.0417,7.0000,-1.747401
1000,44.7917,-3.6667,-3.356660
1000,45.8333,6.3333,-1.133862
1000,43.7500,-6.3333,-3.353390
1000,38.5417,-4.3333,-3.355661
1000,12.5000,6.0000,-1.747261
1000,35.4167,3.0000,-0.603179
1000,22.9167,-2.6667,-3.350005
1000,47.9167,4.6667,-2.098180
1000,3.1250,-8.0000,-1.747292
1000,46.8750,-4.6667,-3.339640
1000,8.3333,6.0000,-1.747258
1000,7.2917,2.6667,-1.747332
1000,23.9583,-3.6667,-3.355008
1000,2.0833,5.3333,-1.747294
1000,13.5417,4.0000,-1.190711
1000,13.5417,3.3333,-1.297596
1000,21.8750,-4.3333,-3.349682
1000,35.4167,4.3333,-1.758040
1000,3.1250,-2.3333,-1.721448
1000,3.1250,4.3333,-1.747267
1000,15.6250,5.6667,0.155312
1000,20.8333,-5.6667,-1.747360
1000,11.4583,7.6667,-1.747274
1000,4.1667,3.3333,-1.747273
1000,19.7917,-1.0000,-3.347876
1000,40.6250,-5.0000,-3.362623
1000,20.8333,-4.6667,-3.360920
1000,5.2083,5.6667,-1.747478
1000,17.7083,5.6667,-1.028270
1000,35.4167,-6.6667,-3.349968
1000,45.8333,7.3333,-1.812232
1000,10.4167,1.0000,-0.723084
1000,41.6667,1.3333,-0.867547
1000,0.0000,-7.0000,0.018462
1000,27.0833,1.6667,-0.488700
1000,15.6250,6.6667,-1.747294
1000,9.3750,0.3333,-0.660616
1000,16.6667,0.0000,-2.783888
1000,35.4167,-7.6667,-3.348385
1000,10.4167,3.3333,-1.747339
1000,27.0833,-4.6667,-3.359100
1000,36.4583,-0.3333,-3.364738
1000,27.0833,3.3333,-0.573773
1000,45.8333,-3.3333,-3.354954
1000,39.5833,-4.6667,-3.345367
1000,8.3333,-8.0000,-1.747386
1000,18.7500,-4.0000,-3.360267
1000,6.2500,4.0000,-1.747167
1000,40.6250,5.0000,-1.965244
1000,48.9583,4.3333,-2.171179
1000,34.3750,-2.0000,-3.353566
1000,34.3750,6.0000,-1.316454
1000,12.5000,-6.0000,-1.747261
1000,18.7500,6.6667,-1.570235
1000,35.4167,-2.3333,-3.335928
1000,48.9583,2.6667,-0.934546
1000,19.7917,0.6667,-0.407717
1000,32.2917,6.0000,-1.131319
1000,6.2500,8.0000,-1.747501
1000,16.6667,-1.6667,-3.345313
1000,8.3333,-0.6667,-1.717607
1000,44.7917,2.3333,-0.926975
1000,6.2500,2.0000,-1.747307
1000,48.9583,-2.6667,-3.353890
1000,45.8333,4.6667,-1.993023
1000,9.3750,6.3333,-1.747646
1000,47.9167,-3.6667,-3.370795
1000,28.1250,1.3333,-0.612519
1000,11.4583,8.0000,-1.747312
1000,32.2917,-6.6667,-3.363439
1000,34.3750,7.0000,-1.349170
1000,41.6667,-6.3333,-3.358313
1000,38.5417,-0.6667,-3.362593
1000,31.2500,2.3333,-0.586737
1000,37.5000,-6.3333,-3.361762
1000,12.5000,-5.3333,-1.747478
1000,39.5833,-0.3333,-3.368499
1000,7.2917,1.3333,-1.591974
1000,5.2083,-6.3333,-1.747356
1000,6.2500,-2.0000,-1.868687
1000,25.0000,-6.3333,-1.747326
1000,30.2083,0.0000,-3.335675
1000,12.5000,-6.6667,-1.747258
1000,5.2083,4.6667,-1.747239
1000,38.5417,-4.6667,-3.360622
1000,6.2500,-7.0000,-1.747406
1000,45.8333,3.6667,-0.963305
1000,29.1667,3.3333,-0.646044
1000,46.8750,5.3333,-1.509753
1000,47.9167,0.0000,-2.750115
1000,2.0833,-6.0000,-1.747166
1000,19.7917,-0.6667,-3.351543
1000,27.0833,-3.6667,-3.349865
1000,34.3750,-7.0000,-3.359102
1000,10.4167,-7.0000,-1.747527
1000,30.2083,-4.3333,-3.355799
1000,3.1250,-0.6667,-2.366945
1000,18.7500,-4.3333,-3.359714
1000,37.5000,-5.0000,-3.354374
1000,29.1667,5.3333,-1.242472
1000,17.7083,-5.3333,-1.747537
1000,42.7083,6.6667,-1.047729
1000,37.5000,4.0000,-1.156158
1000,20.8333,7.0000,-0.940832
1000,45.8333,-7.6667,-3.361028
1000,21.8750,-6.0000,-1.747294
1000,47.9167,-5.3333,-3.363415
1000,16.6667,-2.0000,-3.343696
1000,30.2083,-5.3333,-3.365952
1000,20.8333,5.3333,-1.519385
1000,47.9167,-6.6667,-3.350295
1000,37.5000,7.3333,-1.002947
1000,22.9167,-4.3333,-3.348583
1000,20.8333,-7.0000,-1.747355
1000,48.9583,0.0000,-2.619341
1000,0.0000,2.6667,0.013088
1000,41.6667,-1.6667,-3.354374
1000,31.2500,1.3333,-0.666204
1000,2.0833,-5.3333,-1.747294
1000,15.6250,-5.3333,-1.747502
1000,5.2083,-2.0000,-2.044673
1000,31.2500,-7.6667,-1.747355
1000,44.7917,4.6667,-1.933947
1000,6.2500,-0.3333,-2.486971
1000,35.4167,-6.3333,-3.358435
1000,28.1250,0.6667,-0.541985
1000,11.4583,5.0000,-1.747222
1000,37.5000,-3.6667,-3.359880
1000,3.1250,-2.0000,-1.870816
1000,11.4583,-7.3333,-1.747503
1000,11.4583,4.3333,-1.747325
1000,28.1250,8.0000,-1.315316
1000,7.2917,-7.6667,-1.747239
1000,39.5833,-3.3333,-3.354965
1000,4.1667,-4.3333,-1.747295
1000,23.9583,-4.3333,-3.354554
1000,1.0417,7.3333,-1.747479
1000,36.4583,0.6667,-0.920312
1000,18.7500,-2.6667,-3.353880
1000,18.7500,-6.6667,-1.747255
1000,39.5833,-4.3333,-3.355736
1000,18.7500,5.3333,-1.438692
1000,25.0000,7.0000,-1.239871
1000,19.7917,0.0000,-2.450114
1000,16.6667,-1.3333,-3.359665
1000,45.8333,4.3333,-2.163181
1000,45.8333,0.0000,-2.588328
1000,9.3750,-6.3333,-1.747646
1000,5.2083,7.6667,-1.747374
1000,43.7500,-4.0000,-3.361984
1000,44.7917,-5.6667,-3.361968
1000,41.6667,4.3333,-1.867830
1000,25.0000,-3.0000,-3.357094
1000,1.0417,-6.0000,-1.747362
1000,50.0000,5.0000,-1.877119
1000,38.5417,-2.0000,-3.357482
1000,8.3333,-6.6667,-1.747459
1000,4.1667,0.3333,-1.765980
1000,17.7083,4.6667,-1.708220
1000,4.1667,-2.0000,-1.994327
1000,11.4583,-4.6667,-1.747263
1000,2.0833,-2.0000,-1.809753
1000,36.4583,-2.6667,-3.350511
1000,11.4583,-7.6667,-1.747274
1000,31.2500,5.6667,-1.369290
1000,30.2083,-1.3333,-3.340736
1000,48.9583,-0.3333,-3.357506
1000,33.3333,1.6667,-0.631066
1000,22.9167,7.6667,-1.234945
1000,46.8750,6.0000,-1.851241
1000,4.1667,3.6667,-1.747224
1000,22.9167,-3.0000,-3.348615
1000,23.9583,-7.3333,-1.747320
1000,42.7083,-1.6667,-3.353056
1000,16.6667,-6.3333,-1.747387
1000,22.9167,5.3333,-1.449932
1000,42.7083,7.3333,-1.728340
1000,29.1667,-0.3333,-3.355548
1000,50.0000,-6.6667,-3.362423
1000,27.0833,4.3333,-1.458417
1000,29.1667,6.3333,-1.504545
1000,28.1250,-2.0000,-3.364999
1000,30.2083,6.0000,-1.408337
1000,16.6667,7.6667,-1.747343
1000,12.5000,6.3333,-1.747605
1000,10.4167,-3.3333,-1.747339
1000,28.1250,-5.0000,-3.350493
1000,46.8750,-2.3333,-3.359416
1000,31.2500,-3.6667,-3.357970
1000,3.1250,6.0000,-1.747008
1000,10.4167,4.3333,-1.747330
1000,10.4167,-2.6667,-1.747330
1000,33.3333,4.3333,-1.288653
1000,9.3750,1.3333,-0.949541
1000,16.6667,6.6667,-1.163000
1000,19.7917,6.3333,1.703933
1000,42.7083,2.0000,-0.816710
1000,39.5833,2.3333,-0.887035
1000,34.3750,4.3333,-1.671971
1000,22.9167,-1.0000,-3.357684
1000,21.8750,1.6667,-0.209943
1000,16.6667,-5.6667,-1.747397
1000,42.7083,6.0000,-1.794783
1000,2.0833,-2.6667,-1.014418
1000,16.6667,2.3333,-0.617546
1000,36.4583,-2.0000,-3.357993
1000,8.3333,-6.0000,-1.747258
1000,28.1250,3.3333,-0.531808
1000,3.1250,0.0000,-1.728759
1000,48.9583,3.6667,-0.967604
1000,50.0000,-6.3333,-3.359184
1000,11.4583,-8.0000,-1.747312
1000,7.2917,-2.6667,-1.481636
1000,50.0000,4.6667,-2.086743
1000,21.8750,2.6667,-0.558540
1000,2.0833,-2.3333,-1.095323
1000,35.4167,3.6667,-0.850766
1000,37.5000,-4.0000,-3.355105
1000,15.6250,-1.0000,-3.351858
1000,6.2500,0.6667,-1.259161
1000,30.2083,-1.6667,-3.356987
1000,50.0000,7.6667,-2.118373
1000,41.6667,6.3333,-1.397618
1000,18.7500,1.6667,-0.112860
1000,25.0000,-3.3333,-3.353001
1000,46.8750,-5.6667,-3.353892
1000,39.5833,-1.0000,-3.345295
1000,37.5000,-8.0000,-3.354553
1000,6.2500,4.6667,-1.747256
1000,18.7500,-1.0000,-3.334331
1000,50.0000,8.0000,-2.159706
1000,10.4167,-5.0000,-1.747220
1000,26.0417,-7.6667,-1.747351
1000,15.6250,-3.3333,-3.349867
1000,33.3333,-5.6667,-3.349312
1000,14.5833,-1.0000,-3.345466
1000,32.2917,3.3333,-0.559248
1000,44.7917,4.3333,-2.062764
1000,50.0000,3.6667,-0.998748
1000,12.5000,5.3333,-1.747478
1000,41.6667,-2.6667,-3.353132
1000,11.4583,7.3333,-1.747503
1000,32.2917,-2.6667,-3.362161
1000,0.0000,7.6667,0.014020
1000,50.0000,0.0000,-2.200323
1000,19.7917,-6.0000,-1.747284
1000,38.5417,5.0000,-1.860969
1000,36.4583,8.0000,-0.505407
1000,28.1250,0.3333,-0.740595
1000,18.7500,8.0000,-1.677113
1000,17.7083,-7.3333,-1.747195
1000,47.9167,-4.6667,-3.359810
1000,34.3750,5.0000,0.800632
1000,43.7500,-5.3333,-3.364234
1000,3.1250,-1.3333,-2.084102
1000,46.8750,7.0000,-1.503066
1000,8.3333,3.0000,-1.747236
1000,14.5833,-5.3333,-1.747484
1000,27.0833,-5.6667,-3.354018
1000,22.9167,-6.0000,-1.747308
1000,21.8750,-6.6667,-1.747276
1000,38.5417,4.6667,-1.833194
1000,27.0833,3.6667,-0.515753
1000,1.0417,1.3333,-1.629154
1000,26.0417,7.3333,-0.199654
1000,14.5833,-3.3333,-3.343094
1000,2.0833,-5.0000,-1.747424
1000,13.5417,-4.0000,-1.747188
1000,38.5417,3.3333,-0.801153
1000,44.7917,5.3333,-1.885233
1000,44.7917,-2.0000,-3.367454
1000,40.6250,-1.6667,-3.362152
1000,28.1250,-6.0000,-3.353954
1000,26.0417,6.6667,-0.773771
1000,44.7917,-0.3333,-3.357563
1000,32.2917,1.6667,-0.698691
1000,8.3333,-5.0000,-1.747199
1000,26.0417,5.0000,-1.112567
1000,30.2083,-7.0000,-1.747365
1000,31.2500,-4.6667,-3.348956
1000,3.1250,-1.6667,-1.971592
1000,19.7917,1.0000,-0.321108
1000,14.5833,-5.0000,-1.747234
1000,5.2083,0.0000,-1.311879
1000,48.9583,8.0000,-2.108887
1000,50.0000,6.0000,-1.965809
1000,30.2083,-7.6667,-1.747343
1000,9.3750,-0.6667,-0.950223
1000,37.5000,-5.6667,-3.355575
1000,9.3750,-4.6667,-1.747254
1000,41.6667,6.6667,-0.923743
1000,6.2500,6.6667,-1.747259
1000,35.4167,4.6667,-1.807165
1000,33.3333,2.6667,-0.778497
1000,4.1667,8.0000,-1.747420
1000,4.1667,5.3333,-1.747378
1000,40.6250,-4.6667,-3.356472
1000,6.2500,4.3333,-1.747334
1000,40.6250,-5.3333,-3.358851
1000,9.3750,-4.0000,-1.747185
1000,7.2917,-6.6667,-1.747619
1000,30.2083,-5.6667,-3.361800
1000,5.2083,-3.0000,-1.218742
1000,3.1250,-3.3333,-1.434923
1000,26.0417,1.0000,-0.400907
1000,9.3750,3.6667,-1.747228
1000,32.2917,0.6667,-0.755574
1000,26.0417,-4.3333,-3.352358
1000,35.4167,-0.6667,-3.366426
1000,1.0417,-7.3333,-1.747479
1000,17.7083,-1.0000,-3.349995
1000,2.0833,-1.0000,-2.133635
1000,19.7917,2.6667,-0.624321
1000,10.4167,1.6667,-0.752201
1000,29.1667,-5.0000,-3.363315
1000,45.8333,-1.3333,-3.358780
1000,21.8750,-4.6667,-3.356057
1000,39.5833,3.0000,-0.731873
1000,29.1667,4.3333,-0.611989
1000,30.2083,-8.0000,-1.747476
1000,41.6667,5.6667,-1.745155
1000,28.1250,7.6667,1.010936
1000,47.9167,7.6667,-2.130900
1000,22.9167,-3.3333,-3.332008
1000,33.3333,6.0000,-1.242428
1000,18.7500,0.3333,-0.219001
1000,38.5417,7.3333,-1.231602
1000,37.5000,2.3333,-0.759656
1000,5.2083,8.0000,-1.747333
1000,38.5417,2.0000,-0.791184
1000,6.2500,-5.6667,-1.747524
1000,35.4167,1.6667,-0.756135
1000,14.5833,5.6667,-1.747418
1000,14.5833,-4.6667,-1.747266
1000,20.8333,-3.6667,-3.350326
1000,50.0000,2.0000,-0.874384
1000,29.1667,5.6667,-1.275482
1000,47.9167,5.0000,-1.669259
1000,25.0000,3.3333,-0.782016
1000,43.7500,-2.3333,-3.363843
1000,22.9167,-7.0000,-1.747182
1000,14.5833,1.3333,-0.276628
1000,41.6667,0.0000,-2.689448
1000,47.9167,5.6667,-1.899885
1000,39.5833,7.0000,-1.376099
1000,8.3333,4.0000,-1.747183
1000,27.0833,8.0000,-0.513638
1000,2.0833,5.6667,-1.747287
1000,15.6250,4.3333,-1.478749
1000,50.0000,-8.0000,-3.345658
1000,14.5833,7.3333,-1.747260
1000,41.6667,-3.0000,-3.364252
1000,31.2500,3.0000,-0.654291
1000,31.2500,4.6667,1.060854
1000,1.0417,-5.0000,-1.747282
1000,13.5417,1.6667,-0.424614
1000,23.9583,1.0000,-0.377381
1000,27.0833,-0.3333,-3.365636
1000,32.2917,2.6667,-0.705187
1000,44.7917,-4.3333,-3.359169
1000,27.0833,4.0000,-0.976104
1000,0.0000,-3.3333,0.005529
1000,44.7917,5.0000,-1.969805
1000,14.5833,3.6667,-0.826147
1000,45.8333,5.0000,-2.017825
1000,39.5833,5.6667,-1.704835
1000,9.3750,2.0000,-1.362823
1000,0.0000,3.0000,0.008947
1000,26.0417,8.0000,-1.468605
1000,48.9583,4.6667,-1.863814
1000,20.8333,-8.0000,-1.747295
1000,13.5417,-5.0000,-1.747226
1000,7.2917,-3.6667,-1.709102
1000,35.4167,5.3333,0.079584
1000,42.7083,-7.6667,-3.339997
1000,22.9167,-5.3333,-3.365509
1000,25.0000,7.3333,0.794727
1000,41.6667,7.3333,-1.626961
1000,29.1667,7.6667,0.433565
1000,1.0417,4.0000,-1.747223
1000,17.7083,-4.6667,-1.747270
1000,17.7083,-0.6667,-3.340247
1000,37.5000,-4.6667,-3.356821
1000,36.4583,2.3333,-0.748481
1000,13.5417,4.3333,-1.342683
1000,5.2083,-2.3333,-1.642297
1000,34.3750,8.0000,-0.377417
1000,43.7500,2.0000,-0.784353
1000,3.1250,5.0000,-1.747276
1000,10.4167,4.6667,-1.747259
1000,1.0417,-2.3333,-1.569728
1000,36.4583,5.3333,-1.861828
1000,23.9583,-2.0000,-3.355251
1000,6.2500,-5.3333,-1.747550
1000,26.0417,3.6667,-0.701159
1000,1.0417,6.0000,-1.747362
1000,18.7500,-3.6667,-3.355266
1000,50.0000,-3.3333,-3.351358
1000,43.7500,-1.6667,-3.364047
1000,4.1667,2.0000,-1.791011
1000,18.7500,3.3333,-0.847872
1000,33.3333,7.3333,-1.488904
1000,22.9167,-0.3333,-3.341428
1000,29.1667,-1.6667,-3.358929
1000,39.5833,0.0000,-3.313509
1000,0.0000,3.3333,0.004528
1000,1.0417,-3.0000,-1.421366
1000,15.6250,-3.0000,-3.342726
1000,23.9583,1.6667,-0.350706
1000,23.9583,5.0000,-1.366881
1000,33.3333,1.0000,-0.741658
1000,48.9583,-4.3333,-3.355873
1000,18.7500,6.3333,1.481692
1000,23.9583,7.0000,0.047637
1000,39.5833,-6.6667,-3.352118
1000,47.9167,1.6667,-0.879045
1000,1.0417,-5.6667,-1.747304
1000,37.5000,1.0000,-0.733088
1000,14.5833,-6.6667,-1.747277
1000,8.3333,-7.6667,-1.747220
1000,29.1667,-4.0000,-3.351195
1000,17.7083,1.3333,-0.171575
1000,7.2917,-0.3333,-1.197887
1000,22.9167,7.0000,0.853794
1000,5.2083,-7.0000,-1.747468
1000,26.0417,-5.0000,-3.348686
1000,50.0000,-1.3333,-3.359015
1000,47.9167,2.0000,-0.805852
1000,20.8333,2.0000,-0.700874
1000,0.0000,-7.3333,-0.000046
1000,43.7500,7.3333,-1.739514
1000,5.2083,6.0000,-1.747210
1000,1.0417,-4.6667,-1.747284
1000,36.4583,5.0000,-2.158358
1000,11.4583,-1.6667,-0.418148
1000,32.2917,3.0000,-0.650211
1000,38.5417,-5.6667,-3.350327
1000,25.0000,2.0000,-0.434292
1000,45.8333,8.0000,-2.068833
1000,12.5000,-2.6667,-0.647489
1000,28.1250,-5.6667,-3.367057
1000,40.6250,5.6667,-1.800743
1000,30.2083,4.3333,-0.148982
1000,25.0000,4.0000,-1.161434
1000,30.2083,-3.6667,-3.356236
1000,1.0417,2.3333,-1.437274
1000,48.9583,-8.0000,-3.351511
1000,25.0000,-5.6667,-3.362243
1000,11.4583,0.6667,-0.541030
1000,30.2083,7.6667,-0.130694
1000,14.5833,-8.0000,-1.747355
1000,48.9583,-7.3333,-3.361893
1000,5.2083,1.0000,-1.714972
1000,30.2083,1.0000,-0.674971
1000,43.7500,-3.0000,-3.362105
1000,26.0417,-8.0000,-1.747455
1000,35.4167,0.0000,-3.210817
1000,29.1667,3.0000,-0.200049
1000,43.7500,3.3333,-0.952482
1000,11.4583,-2.6667,-0.750658
1000,39.5833,6.6667,-0.913500
1000,18.7500,7.6667,-1.823868
1000,19.7917,-6.6667,-1.747251
1000,48.9583,-7.6667,-3.360856
1000,47.9167,0.6667,-0.953193
1000,48.9583,2.0000,-0.848907
1000,6.2500,1.6667,-0.312777
1000,33.3333,-3.6667,-3.364067
1000,19.7917,-7.3333,-1.747222
1000,29.1667,4.6667,-0.866983
1000,3.1250,-6.6667,-1.747215
1000,50.0000,-1.6667,-3.353432
1000,26.0417,1.6667,-0.499407
1000,0.0000,4.0000,0.006532
1000,16.6667,-5.0000,-1.747226
1000,16.6667,8.0000,-1.747432
1000,16.6667,4.3333,-1.836691
1000,25.0000,6.0000,-1.394306
1000,34.3750,1.0000,-0.852592
1000,32.2917,-5.6667,-3.337927
1000,9.3750,7.0000,-1.747455
1000,6.2500,-3.0000,-1.216263
1000,38.5417,-1.0000,-3.357628
1000,23.9583,-1.3333,-3.359674
1000,4.1667,6.0000,-1.747144
1000,50.0000,0.3333,-0.922155
1000,16.6667,0.6667,0.211879
1000,43.7500,0.3333,-0.915938
1000,3.1250,-5.6667,-1.747314
1000,44.7917,6.6667,-1.017228
1000,21.8750,8.0000,-1.317833
1000,23.9583,8.0000,-2.048687
1000,23.9583,0.6667,-0.430243
1000,14.5833,2.0000,-0.487073
1000,31.2500,7.6667,-1.134902
1000,47.9167,-5.0000,-3.363303
1000,16.6667,4.6667,-1.314969
1000,5.2083,2.6667,-1.747330
1000,39.5833,-3.6667,-3.357865
1000,26.0417,-5.3333,-3.352737
1000,29.1667,1.0000,-0.720282
1000,11.4583,6.3333,-1.747606
1000,13.5417,2.6667,-1.066915
1000,16.6667,-3.6667,-3.362373
1000,43.7500,-2.0000,-3.357282
1000,38.5417,-7.3333,-3.359136
1000,0.0000,5.3333,0.002063
1000,13.5417,-5.3333,-1.747488
1000,22.9167,-5.6667,-1.747331
1000,46.8750,2.3333,-0.918181
1000,22.9167,-5.0000,-3.354308
1000,35.4167,6.3333,-1.137123
1000,23.9583,-0.6667,-3.363435
1000,47.9167,-0.3333,-3.360121
1000,45.8333,1.6667,-0.851429
1000,25.0000,1.0000,-0.157432
1000,42.7083,6.3333,-1.272995
1000,44.7917,-3.3333,-3.355400
1000,25.0000,0.3333,-0.453842
1000,50.0000,2.3333,-0.878742
1000,28.1250,-1.0000,-3.350974
1000,36.4583,-7.0000,-3.355159
1000,25.0000,-2.0000,-3.348148
1000,11.4583,0.3333,-0.561408
1000,47.9167,7.0000,-1.466449
1000,18.7500,-1.6667,-3.352163
1000,0.0000,0.6667,0.001145
1000,37.5000,-1.6667,-3.361891
1000,46.8750,3.0000,-0.864822
1000,44.7917,-4.6667,-3.365399
1000,17.7083,-7.6667,-1.747341
1000,11.4583,2.3333,0.114648
1000,39.5833,-7.6667,-3.365378
1000,2.0833,-0.6667,-2.250868
1000,46.8750,-2.0000,-3.352224
1000,23.9583,-4.6667,-3.358043
1000,37.5000,6.3333,-1.034311
1000,42.7083,-7.0000,-3.338816
1000,25.0000,-5.0000,-3.343267
1000,33.3333,7.0000,-1.377737
1000,25.0000,6.3333,-1.422104
1000,4.1667,-7.3333,-1.747384
1000,4.1667,-7.0000,-1.747374
1000,17.7083,-3.6667,-3.355223
1000,45.8333,-4.0000,-3.345228
1000,28.1250,1.6667,-0.591499
1000,12.5000,1.3333,0.110909
1000,11.4583,-3.6667,-1.747228
1000,23.9583,7.3333,0.125357
1000,46.8750,-6.6667,-3.348807
1000,36.4583,1.6667,-0.751683
1000,13.5417,7.6667,-1.747186
1000,26.0417,-6.0000,-3.353570
1000,46.8750,-8.0000,-3.347694
1000,4.1667,5.6667,-1.747395
1000,33.3333,-1.6667,-3.350563
1000,8.3333,8.0000,-1.747386
1000,26.0417,-4.6667,-3.356986
1000,37.5000,-0.6667,-3.358228
1000,46.8750,-6.0000,-3.347895
1000,9.3750,4.6667,-1.747254
1000,25.0000,-4.6667,-3.333646
1000,23.9583,-2.6667,-3.352121
1000,27.0833,-4.3333,-3.356399
1000,0.0000,-4.0000,0.003827
1000,23.9583,6.6667,-0.359768
1000,30.2083,3.6667,-0.246640
1000,4.1667,-0.6667,-1.817039
1000,17.7083,-6.0000,-1.747297
1000,34.3750,5.6667,-0.615501
1000,41.6667,-3.3333,-3.362203
1000,10.4167,-8.0000,-1.747391
1000,38.5417,2.3333,-0.764645
1000,15.6250,-6.3333,-1.747417
1000,37.5000,3.0000,-0.778691
1000,27.0833,5.3333,-1.062749
1000,1.0417,-4.0000,-1.571907
1000,33.3333,-7.6667,-1.747353
1000,10.4167,1.3333,-0.407229
1000,15.6250,5.0000,-1.357192
1000,40.6250,-4.0000,-3.355272
1000,2.0833,0.6667,-2.168243
1000,29.1667,-0.6667,-3.352767
1000,26.0417,2.6667,-0.281572
1000,31.2500,0.3333,-0.770142
1000,11.4583,-6.6667,-1.747412
1000,28.1250,-3.3333,-3.357126
1000,11.4583,2.6667,-0.994695
1000,6.2500,-7.6667,-1.747181
1000,18.7500,2.6667,-0.736992
1000,3.1250,-4.6667,-1.747323
1000,9.3750,1.0000,-0.827277
1000,15.6250,3.0000,-0.544130
1000,47.9167,-7.0000,-3.342322
1000,37.5000,6.0000,0.930133
1000,43.7500,-5.6667,-3.348781
1000,9.3750,-1.3333,-2.014396
1000,11.4583,-2.0000,-0.674544
1000,38.5417,1.3333,-0.900339
1000,34.3750,1.3333,-0.714602
1000,48.9583,5.6667,-1.932742
1000,7.2917,-2.0000,-1.856586
1000,12.5000,-7.6667,-1.747259
1000,7.2917,8.0000,-1.747418
1000,25.0000,0.6667,-0.378272
1000,0.0000,-6.3333,0.233160
1000,14.5833,-6.0000,-1.747320
1000,31.2500,-2.0000,-3.357125
1000,40.6250,3.0000,-0.842669
1000,26.0417,-6.3333,-1.747328
1000,10.4167,-4.0000,-1.747186
1000,37.5000,-6.6667,-3.360612
1000,5.2083,0.6667,-1.443830
1000,29.1667,1.6667,-0.603534
1000,22.9167,1.0000,-0.349629
1000,47.9167,-2.6667,-3.360268
1000,16.6667,-1.0000,-3.349567
1000,13.5417,-7.6667,-1.747186
1000,32.2917,-4.3333,-3.347147
1000,28.1250,-2.3333,-3.356345
1000,12.5000,0.3333,-0.663808
1000,10.4167,-2.0000,-0.849950
1000,18.7500,-8.0000,-1.747471
1000,46.8750,-4.0000,-3.351547
1000,22.9167,2.3333,-0.643591
1000,8.3333,-4.0000,-1.747183
1000,0.0000,-5.0000,0.007115
1000,16.6667,-6.0000,-1.747296
1000,26.0417,-0.3333,-3.363829
1000,28.1250,3.6667,-0.793181
1000,38.5417,-3.6667,-3.347432
1000,35.4167,-4.6667,-3.356185
1000,4.1667,2.6667,-1.747329
1000,25.0000,-6.0000,-1.747316
1000,36.4583,0.3333,-0.866308
1000,4.1667,1.3333,-1.997463
1000,28.1250,-1.6667,-3.347163
1000,23.9583,-0.3333,-3.360992
1000,1.0417,-2.6667,-0.905292
1000,0.0000,-6.6667,0.000403
1000,2.0833,2.6667,-1.747314
1000,42.7083,0.3333,-0.905134
1000,14.5833,6.0000,-1.747320
1000,34.3750,6.6667,-1.030667
1000,40.6250,-7.3333,-3.347452
1000,44.7917,-1.6667,-3.359451
1000,7.2917,-1.0000,-2.269276
1000,30.2083,6.6667,-0.947955
1000,11.4583,3.6667,-0.964658
1000,8.3333,0.0000,-1.220028
1000,21.8750,-2.6667,-3.337737
1000,41.6667,7.0000,-1.406635
1000,19.7917,-7.6667,-1.747309
1000,27.0833,5.6667,-1.403690
1000,30.2083,5.0000,-0.951447
1000,44.7917,2.0000,-0.885942
1000,43.7500,1.3333,-0.925806
1000,6.2500,0.3333,-1.145801
1000,35.4167,-4.3333,-3.363016
1000,18.7500,-7.0000,-1.747170
1000,42.7083,-8.0000,-3.356600
1000,43.7500,4.0000,-1.122677
1000,39.5833,-7.3333,-3.362308
1000,1.0417,0.6667,-1.970069
1000,12.5000,4.3333,-1.747315
1000,18.7500,1.0000,-0.230907
1000,26.0417,6.3333,-1.479623
1000,4.1667,5.0000,-1.747255
1000,18.7500,0.6667,-0.041285
1000,27.0833,4.6667,-1.332200
1000,40.6250,4.3333,-1.922567
1000,14.5833,0.3333,-0.577361
1000,3.1250,-0.3333,-2.227789
1000,15.6250,7.3333,-1.747369
1000,30.2083,-6.6667,-3.346257
1000,47.9167,6.3333,-1.270041
1000,1.0417,-3.6667,-1.650155
1000,22.9167,4.3333,-1.677353
1000,16.6667,2.0000,-0.469269
1000,20.8333,7.6667,-1.576194
1000,12.5000,0.0000,-3.240599
1000,25.0000,-6.6667,-1.747289
1000,22.9167,6.3333,-1.411729
1000,26.0417,1.3333,-0.534977
1000,46.8750,7.6667,-2.005572
1000,42.7083,-2.6667,-3.349537
1000,20.8333,2.6667,-0.602957
1000,29.1667,-2.0000,-3.356371
1000,6.2500,5.0000,-1.747193
1000,1.0417,0.0000,-2.075349
1000,13.5417,-6.6667,-1.747260
1000,15.6250,-1.3333,-3.346878
1000,40.6250,7.0000,-1.319419
1000,50.0000,1.0000,-0.950633
1000,46.8750,1.0000,-0.968940
1000,17.7083,1.0000,-0.386812
1000,13.5417,-2.3333,-3.345417
1000,13.5417,-6.3333,-1.747632
1000,23.9583,-3.3333,-3.350576
1000,41.6667,-5.6667,-3.362784
1000,46.8750,-3.6667,-3.350945
1000,37.5000,0.3333,-0.893431
1000,46.8750,-1.0000,-3.355202
1000,43.7500,-4.3333,-3.353783
1000,8.3333,1.3333,-0.994245
1000,28.1250,-7.3333,-1.747322
1000,8.3333,7.3333,-1.747587
1000,10.4167,6.6667,-1.747430
1000,15.6250,4.0000,-0.653280
1000,50.0000,-5.3333,-3.354856
1000,28.1250,-4.6667,-3.349412
1000,50.0000,-7.0000,-3.360298
1000,29.1667,2.6667,-0.475311
1000,2.0833,7.0000,-1.747336
1000,43.7500,5.0000,-1.959478
1000,15.6250,-4.0000,-1.747187
1000,37.5000,-4.3333,-3.361920
1000,9.3750,2.6667,-1.518548
1000,13.5417,-6.0000,-1.747275
1000,20.8333,-1.0000,-3.344807
1000,39.5833,5.3333,-1.896402
1000,50.0000,-4.6667,-3.343413
1000,26.0417,6.0000,-1.344396
1000,41.6667,1.0000,-0.918351
1000,46.8750,4.3333,-1.874952
1000,18.7500,-5.3333,-1.747548
1000,29.1667,7.0000,-1.431772
1000,22.9167,5.6667,-1.474041
1000,22.9167,0.0000,-3.275481
1000,16.6667,-7.3333,-1.747242
1000,32.2917,-7.3333,-1.747333
1000,46.8750,-4.3333,-3.345298
1000,26.0417,-2.0000,-3.357166
1000,33.3333,-8.0000,-1.747457
1000,28.1250,-4.0000,-3.356145
1000,36.4583,2.6667,-0.803780
1000,37.5000,0.0000,-3.244573
1000,41.6667,0.3333,-0.881341
1000,11.4583,-1.3333,-3.334785
1000,19.7917,2.0000,-0.456119
1000,25.0000,-7.0000,-1.747244
1000,21.8750,-3.6667,-3.363699
1000,40.6250,-0.6667,-3.356373
1000,44.7917,2.6667,-0.885681
1000,44.7917,7.6667,-2.045067
1000,10.4167,8.0000,-1.747391
1000,32.2917,3.6667,-0.583305
1000,8.3333,0.6667,-0.988190
1000,31.2500,-4.0000,-3.365238
1000,22.9167,-1.6667,-3.344782
1000,34.3750,0.0000,-3.084928
1000,32.2917,-7.6667,-1.747352
1000,26.0417,-1.6667,-3.359585
1000,39.5833,-5.3333,-3.365503
1000,36.4583,3.3333,-0.810797
1000,22.9167,3.6667,-1.008160
1000,50.0000,-5.6667,-3.355740
1000,39.5833,3.3333,-0.923480
1000,50.0000,4.3333,-1.889993
1000,35.4167,-1.6667,-3.349791
1000,33.3333,5.0000,0.121555
1000,35.4167,7.0000,-1.121050
1000,19.7917,3.3333,-0.658339
1000,42.7083,-3.6667,-3.356879
1000,45.8333,7.6667,-2.033415
1000,37.5000,-2.0000,-3.352347
1000,41.6667,-5.3333,-3.354468
1000,14.5833,2.6667,0.157953
1000,34.3750,-7.3333,-3.356369
1000,17.7083,0.0000,-2.109106
1000,40.6250,-6.3333,-3.353826
1000,48.9583,1.3333,-0.911581
1000,43.7500,5.6667,-1.968417
1000,41.6667,-4.6667,-3.357504
1000,23.9583,-5.0000,-3.366586
1000,29.1667,-4.6667,-3.346412
1000,31.2500,-6.0000,-3.352745
1000,35.4167,-6.0000,-3.352423
1000,34.3750,-5.6667,-3.360637
1000,33.3333,-6.6667,-3.361770
1000,47.9167,3.3333,-0.944374
1000,40.6250,7.3333,-1.555530
1000,20.8333,1.3333,-0.308231
1000,31.2500,6.6667,-1.053904
1000,44.7917,1.3333,-0.865034
1000,45.8333,-7.3333,-3.350330
1000,38.5417,1.0000,-0.864293
1000,47.9167,-7.6667,-3.352656
1000,22.9167,0.3333,-0.177694
1000,46.8750,3.6667,-0.983399
1000,47.9167,3.0000,-0.881371
1000,21.8750,3.3333,-0.458528
1000,50.0000,0.6667,-0.935880
1000,38.5417,6.6667,-0.862436
1000,19.7917,1.6667,-0.330491
1000,19.7917,5.0000,-1.600051
1000,45.8333,5.6667,-1.823112
1000,12.5000,2.0000,-0.235818
1000,23.9583,1.3333,-0.184495
1000,25.0000,1.3333,-0.369932
1000,48.9583,7.3333,-1.850950
1000,26.0417,2.0000,0.177810
1000,27.0833,2.3333,-0.663241
1000,39.5833,2.6667,-0.828407
1000,40.6250,4.0000,-1.106752
1000,36.4583,7.0000,-1.242140
1000,46.8750,0.3333,-0.898983
1000,36.4583,7.3333,-1.304557
1000,34.3750,2.3333,-0.712408
1000,36.4583,4.3333,-1.651627
1000,46.8750,6.3333,-1.397476
1000,33.3333,0.6667,-0.788335
1000,41.6667,2.3333,-0.923525
1000,38.5417,2.6667,-0.817330
1000,14.5833,1.6667,-0.425074
1000,42.7083,5.3333,-1.955012
1000,36.4583,5.6667,-0.068742
1000,36.4583,2.0000,-0.825809
1000,42.7083,5.6667,-1.741603
1000,22.9167,4.0000,-1.479032
1000,42.7083,2.3333,-0.874475
1000,26.0417,5.6667,-1.473503
1000,17.7083,0.3333,-0.155441
1000,38.5417,8.0000,-0.285996
1000,29.1667,3.6667,-0.219084
1000,20.8333,4.0000,-0.914098
1000,39.5833,5.0000,-1.941152
1000,35.4167,8.0000,-0.187525
1000,32.2917,7.6667,-1.284836
1000,34.3750,4.6667,-1.493178
1000,18.7500,3.0000,-0.986029
1000,27.0833,2.0000,-0.445460
1000,35.4167,7.6667,-1.421627
1000,21.8750,0.6667,-0.428369
1000,32.2917,7.0000,-1.393502
1000,30.2083,5.3333,-1.224818
1000,42.7083,3.6667,-0.927867
1000,31.2500,2.0000,-0.609444
1000,42.7083,7.6667,-1.806825
1000,30.2083,4.6667,-0.149830
1000,39.5833,0.6667,-0.820013
1000,23.9583,6.0000,-1.354788
1000,26.0417,3.0000,-0.755246
1000,30.2083,7.0000,-1.313435
1000,35.4167,2.0000,-0.649611
1000,48.9583,7.0000,-1.483182
1000,40.6250,3.3333,-0.843926
1000,48.9583,6.3333,-1.398307
1000,31.2500,3.3333,-0.695710
1000,45.8333,0.3333,-0.896213
1000,41.6667,2.0000,-0.860363
1000,43.7500,5.3333,-1.831517
1000,34.3750,2.6667,-0.619692
1000,39.5833,2.0000,-0.802932
1000,40.6250,6.3333,-1.276182
1000,48.9583,0.6667,-0.929525
1000,25.0000,5.6667,-1.373035
1000,34.3750,3.3333,-0.754045
1000,33.3333,4.6667,-0.875709
1000,41.6667,5.0000,-1.961296
1000,31.2500,4.3333,-0.298019
1000,43.7500,2.6667,-0.888218
1000,37.5000,1.3333,-0.813666
1000,37.5000,4.6667,-1.986629
1000,45.8333,2.6667,-0.884968
1000,38.5417,5.6667,-1.911700
1000,37.5000,3.6667,-0.719837
1000,40.6250,6.0000,-1.738899
1000,45.8333,2.3333,-0.845410
1000,34.3750,2.0000,-0.689921
1000,46.8750,5.0000,-1.993887
1000,34.3750,5.3333,-0.971960
1000,44.7917,7.3333,-1.548897
1000,32.2917,4.6667,1.645901
1000,47.9167,7.3333,-1.600967
1000,37.5000,2.6667,-0.807872
1000,36.4583,1.0000,-0.818607
1000,45.8333,3.3333,-0.921243
1000,30.2083,6.3333,-1.462787
1000,50.0000,2.6667,-0.894045
1000,50.0000,6.6667,-0.966323
1000,40.6250,6.6667,-1.061765
1000,50.0000,3.3333,-0.969069
1000,48.9583,5.0000,-1.973428
1000,37.5000,5.6667,-1.625455
1000,39.5833,4.6667,-1.785219
1000,48.9583,6.6667,-1.056968
1000,45.8333,6.0000,-1.773713
